Country,Date_first_restriction,Date_lockdown,Knot_date_1,Knot_date_2,N_knots,N_knots_in_range,Growth_factor_1,Growth_factor_2,Growth_factor_3,Growth_factor_1_sd,Growth_factor_2_sd,Growth_factor_3_sd,Intercept_1,Intercept_2,Intercept_3,Pois_dev_inc,Pois_dev_cum,Prob_equal,Prob_unequal,Min_n_unequal
Albania,2020-03-09,2020-03-11,2020-03-11,2020-03-13,2,1,NA,1.1077821743139782,1.0194326250010781,NA,0.6109188144715186,0.00915173903336005,0,3.0455680715313087,5.077607705728011,459.79846943439276,3233.9125645426375,0.1,0.14835059934005276,2
Albania,2020-03-09,2020-03-11,2020-03-11,2020-03-23,2,1,NA,1.0371877357600008,1.0191833342772496,NA,0.16502408833976032,0.010170151018008078,0,3.727084199006214,5.3294759309710695,468.05339978189596,3241.5024379041624,0.1,0.1480032411986764,2
Albania,2020-03-09,2020-03-11,2020-03-11,2020-03-24,2,1,NA,1.0527285735028562,1.0184806502419528,NA,0.13810310828077604,0.010230833664403678,0,2.477397803317296,6.039181822451244,605.9860198313171,4846.995396520831,0.1,0.09897943528223557,1
Albania,2020-03-09,2020-03-11,2020-03-11,2020-03-26,2,1,NA,1.049479579903458,1.0178826642382375,NA,0.09454863543314182,0.010569903142817147,0,2.067714174394495,6.6808638615166895,586.2709799530429,4680.532286226143,0.1,0.10249963846527513,2
Albania,2020-03-09,2020-03-11,2020-03-12,2020-03-25,2,2,1.4277476611210975,1.0337544090601445,1.0178091248805818,0.9044756471500373,0.11737517650740031,0.010156745094756576,0,4.7279190247314355,6.6891889788176435,692.282755900868,7032.768281541156,0.1,0.06821678860405943,1
Albania,2020-03-09,2020-03-11,2020-03-12,2020-03-26,2,2,1.4459026814920377,1.0290265782844563,1.017861936048256,0.87472876567742,0.09565901669135003,0.010388978199747061,0,5.002513238490977,6.632551004976233,645.227917622227,5946.661400404585,0.1,0.08067600202200632,1
Albania,2020-03-09,2020-03-11,2020-03-13,2020-03-13,2,2,1.222073437586209,NA,1.0198812492521163,0.29877962552547876,NA,0.009114703152107878,0,NA,4.6504203316841295,662.5530510525377,5265.743390256446,0.1,0.09110828834746215,1
Albania,2020-03-09,2020-03-11,2020-03-14,2020-03-14,2,2,1.112229295279115,NA,1.0216638011966093,0.2259409935238192,NA,0.009989184096886157,0,NA,2.9886613047226893,708.7435259903367,5375.648898548961,0.1,0.08924557317958881,1
Albania,2020-03-09,2020-03-11,2020-03-14,2020-03-18,2,2,1.1091215903633893,1.0278407474774853,1.021615980733805,0.31070963701579485,0.4700364266790944,0.010642140306462529,0,2.682267815234831,3.0246299861372474,725.3766022292294,5638.900983706033,0.1,0.08507914371071668,1
Albania,2020-03-09,2020-03-11,2020-04-04,2020-04-04,2,2,1.029617992821753,NA,1.0228956559901565,0.027823002143361152,NA,0.013231277654910552,0,NA,2.043590396805363,723.1364129951985,5461.5872328703845,0.1,0.08784128984992683,1
Andorra,2020-03-13,NA,2020-03-19,NA,1,1,1.749144112823613,0.9654904896576295,NA,0.11492041972291547,0.006707012584553762,NA,0,30.562491303473358,NA,490.00355137301545,5923.900324078493,0.1,0.020191359530070323,1
Andorra,2020-03-13,NA,2020-03-20,NA,1,1,1.6006242604629863,0.9610578124879317,NA,0.0782966151647895,0.006314241993594005,NA,0,33.89702174267789,NA,409.31423576535616,244.8143034841406,0.1,0.48858093486158405,35
Andorra,2020-03-13,NA,2020-03-21,NA,1,1,1.446339458903005,0.9573847442608463,NA,0.050609184267796536,0.005934299790089963,NA,0,36.671603598161894,NA,412.69644320192776,1145.33055302243,0.1,0.10443413121925728,8
Andorra,2020-03-13,NA,2020-03-22,NA,1,1,1.3913081666562053,0.9551092633163683,NA,0.04148447331055938,0.00580562940913208,NA,0,38.385503493905645,NA,476.9348022928139,6948.131892862135,0.1,0.01721492958224452,1
Andorra,2020-03-13,NA,2020-03-23,NA,1,1,1.3162612551445807,0.9513293842942773,NA,0.030550152157089103,0.005677789095489535,NA,0,41.237301406084285,NA,481.3272208458873,7586.120458359435,0.1,0.015767163455988147,1
Andorra,2020-03-13,NA,2020-03-25,NA,1,1,1.227543256005143,0.9444712493834738,NA,0.019865478551755633,0.005770349244103134,NA,0,46.42380908595372,NA,497.5101548987805,7959.60725242771,0.1,0.015027324523742924,1
Andorra,2020-03-13,NA,2020-03-26,NA,1,1,1.200515575069636,0.9414686736101685,NA,0.01728950078216331,0.005978238973144876,NA,0,48.70081747437985,NA,517.6095258224703,8502.787886793723,0.1,0.014067339189955112,1
Andorra,2020-03-13,NA,2020-03-27,NA,1,1,1.1689783141339767,0.9372549031986316,NA,0.015385941869775599,0.006729323550501207,NA,0,51.90604404951732,NA,502.8469427176781,5116.257780757255,0.1,0.023378728435779737,2
Andorra,2020-03-13,NA,2020-03-28,NA,1,1,1.138528498551225,0.9335911726216239,NA,0.014078570181850375,0.007930753630672279,NA,0,54.718266023203434,NA,494.28985094978054,1839.3071455799884,0.1,0.06503079246508982,5
Andorra,2020-03-13,NA,2020-03-29,NA,1,1,1.1150361755816527,0.9311070510210366,NA,0.013378784637518163,0.009419965877298575,NA,0,56.650170364669705,NA,502.7381047841794,506.1697328680121,0.1,0.23630729673628803,17
Austria,2020-03-11,2020-03-16,2020-03-14,2020-03-24,2,2,1.3332522371382285,1.1850732246200695,0.9241196309254841,0.05150891849910509,0.00984776415307363,0.002408648049971947,0,74.68222230915222,1242.1886004987268,1228.5271304604757,325.11519373574384,0.1,0.4833823682659693,22
Austria,2020-03-11,2020-03-16,2020-03-16,2020-03-25,2,2,1.3221626017377877,1.1354031611644448,0.9205708963917644,0.03448206928250258,0.009919060622008685,0.00291783092997274,0,160.61311889307484,1295.571973687146,1607.0611471389302,6927.401625388596,0.1,0.022685988312164247,1
Austria,2020-03-11,2020-03-16,2020-03-16,2020-03-26,2,2,1.3334135643251475,1.1233521258751529,0.9186355445365844,0.036345251016616786,0.009890568314114142,0.003221862051427247,0,180.6528370669954,1324.6090935869158,1522.421449118739,4979.332262705509,0.1,0.031561451217927666,1
Austria,2020-03-11,2020-03-16,2020-03-17,2020-03-26,2,2,1.3126861575743494,1.120214259966752,0.9188786283937821,0.03127972671300691,0.010285352493429668,0.00322000453616111,0,195.93639176453394,1320.9999009942899,1556.009798685221,1849.3489935300381,0.1,0.08497852642040044,4
Austria,2020-03-11,2020-03-16,2020-03-22,2020-04-03,2,2,1.2885504196496749,0.9522608495022125,0.9207153241041081,0.01572011555274531,0.007472976598990824,0.008332059947396499,0,946.3188503949591,1297.389002550462,1671.800679515858,3268.920950150496,0.1,0.04807548261453007,2
Austria,2020-03-11,2020-03-16,2020-03-22,2020-04-04,2,2,1.291614373277061,0.9495297826036175,0.9216370107732409,0.01604339572212137,0.007242488558586337,0.009162197908834527,0,962.6260381550699,1284.0623407283297,1585.9646138880726,1343.2487863473684,0.1,0.11699616177177212,5
Austria,2020-03-11,2020-03-16,2020-03-22,2020-04-05,2,2,1.293200445664335,0.9481435830034861,0.9219967525149695,0.01619792213859424,0.0070807444745451045,0.009745271996651478,0,970.9900115276284,1279.0258215128429,1574.0486589272189,1704.9677868486017,0.1,0.09217473404451387,4
Austria,2020-03-11,2020-03-16,2020-03-22,2020-04-06,2,2,1.2945326165118347,0.9469920177946213,0.9220886891990874,0.016306378610020173,0.006903334250442329,0.010409975319088582,0,977.9792447902383,1278.0892576950168,1587.5355632283022,2773.007490091153,0.1,0.05667310776072493,3
Austria,2020-03-11,2020-03-16,2020-03-22,2020-04-07,2,2,1.2955080052804449,0.9461476384787737,0.921950104640818,0.01640641059013481,0.0067566296171383215,0.011103966965317548,0,983.1000721799028,1280.6571457852442,1615.0634373191024,4036.559213815218,0.1,0.038932899031771113,2
Austria,2020-03-11,2020-03-16,2020-03-22,2020-04-08,2,2,1.2970389360933343,0.9449105928170839,0.9220525939814538,0.01654784271218793,0.006565687610687582,0.012229681112431808,0,990.8891579793685,1279.7914052628976,1648.6511637089975,6404.220039032183,0.1,0.024539280560226164,1
Belarus,2020-04-04,NA,2020-04-13,NA,1,1,1.1903502080124704,1.020618632658008,NA,0.03416414357182972,0.004656660680259609,NA,0,437.568001263804,NA,13626.309383145623,255835.78142628897,0.1,0.009716590133054938,2
Belarus,2020-04-04,NA,2020-04-14,NA,1,1,1.1776161069187554,1.0196358942585575,NA,0.02791727145284347,0.004525129273499167,NA,0,461.1442407551177,NA,5471.465955028229,98169.34708683674,0.1,0.025322073572417593,4
Belarus,2020-04-04,NA,2020-04-15,NA,1,1,1.169148832211052,1.018272385055567,NA,0.02177487879401363,0.004267421616421098,NA,0,495.02562311714587,NA,2667.7092661594497,42744.25395440813,0.1,0.05815638827479682,9
Belarus,2020-04-04,NA,2020-04-16,NA,1,1,1.1583468014045248,1.0170587202340957,NA,0.01729183591700822,0.004041348119427754,NA,0,526.7219666033599,NA,751.8815901867689,3782.8675810925088,0.1,0.6571341386396492,107
Belarus,2020-04-04,NA,2020-04-17,NA,1,1,1.1487335806666554,1.015599854230808,NA,0.014466165497371786,0.003988810056122076,NA,0,559.6941859363021,NA,1417.4994368122875,12818.492356013861,0.1,0.1939269736602705,32
Belarus,2020-04-04,NA,2020-04-18,NA,1,1,1.1341324449492816,1.0151240406966349,NA,0.01406111370500674,0.004334734343726418,NA,0,568.7411639233983,NA,7332.536843561727,115285.94364435376,0.1,0.021562484990864935,4
Belarus,2020-04-04,NA,2020-04-19,NA,1,1,1.1263581365397355,1.0141185779980941,NA,0.012189434985209354,0.004306306428750667,NA,0,594.5329415950733,NA,11855.803369826075,196184.2125312221,0.1,0.01267100648628117,2
Belarus,2020-04-04,NA,2020-04-20,NA,1,1,1.1187679272985915,1.0133879279983287,NA,0.011352919364025237,0.004463891067279493,NA,0,611.9416559366264,NA,17381.68170820546,296044.9835320368,0.1,0.008396870637127584,1
Belarus,2020-04-04,NA,2020-04-21,NA,1,1,1.1140577228831732,1.0123294747991975,NA,0.010212496563884977,0.004458637292682165,NA,0,637.2257459980232,NA,20645.66637052955,357289.46270807995,0.1,0.006957527968072545,1
Belarus,2020-04-04,NA,2020-04-22,NA,1,1,1.1104476469945366,1.0109354712092478,NA,0.009203533482001576,0.004437804357159431,NA,0,669.020357804496,NA,23068.107468899667,403813.0899597801,0.1,0.006155945637464774,1
Belgium,2020-03-10,2020-03-14,2020-03-27,2020-04-09,2,2,1.1957031908657196,1.021940683997318,0.9594519961511901,0.01330427608121864,0.006593580880745913,0.0020604069017413095,0,1083.4092303244843,2545.831991987416,3946.5762592912347,203669.2679923959,0.1,0.002049870763939249,1
Belgium,2020-03-10,2020-03-14,2020-03-28,2020-04-04,2,2,1.1880922278408694,1.0308036842602684,0.9648027686578651,0.01813981602065337,0.017648166970862918,0.002428838013572501,0,1145.6897514410975,2252.525106093401,3094.21686157708,65698.67603332024,0.1,0.006354704587331106,3
Belgium,2020-03-10,2020-03-14,2020-03-28,2020-04-05,2,2,1.1866472312421075,1.0250404935070347,0.9638386312156931,0.01643335425402888,0.013850603155036422,0.002366445715437303,0,1177.1434776622696,2305.1550015539883,2391.5729232398708,35718.56079292524,0.1,0.011688479846400014,6
Belgium,2020-03-10,2020-03-14,2020-03-28,2020-04-06,2,2,1.1852828961163682,1.021976350521424,0.9630049496296655,0.015219635954070616,0.011625380171008637,0.0023202213941772272,0,1189.5248781135733,2350.73073307319,2009.2414421800895,22359.603054759773,0.1,0.01867187342047409,9
Belgium,2020-03-10,2020-03-14,2020-03-28,2020-04-07,2,2,1.1835767949474498,1.020295310843918,0.9620880157292167,0.01419378499039844,0.010045378647750704,0.0022713248054215896,0,1189.3423302101264,2400.868970727521,1683.1286013098656,11416.831545688041,0.1,0.036568436373943164,18
Belgium,2020-03-10,2020-03-14,2020-03-28,2020-04-08,2,2,1.1823761952715093,1.0179614682259441,0.9609602656952919,0.013017410489873307,0.008504426292436869,0.002201741240061276,0,1197.5968717998971,2462.6815607651934,1431.0508567755348,4631.310300280132,0.1,0.09014634107873692,44
Belgium,2020-03-10,2020-03-14,2020-03-28,2020-04-09,2,2,1.1813106248439078,1.0162873439717641,0.9598772403164145,0.01205592467875899,0.007361642862587622,0.002149037900443748,0,1202.0295778726954,2522.1952337188413,1285.3167129761773,2040.6826408848272,0.1,0.20458628382779637,100
Belgium,2020-03-10,2020-03-14,2020-03-28,2020-04-10,2,2,1.1811614454229857,1.013565085493035,0.9585573947595023,0.011007859840492348,0.006204575616174883,0.002099821574131781,0,1220.7718857297618,2595.0290233256046,1200.0933879178287,1141.8751295865727,0.1,0.3656228839327456,178
Belgium,2020-03-10,2020-03-14,2020-03-28,2020-04-11,2,2,1.1823184678599687,1.010174107905719,0.9573329379337524,0.010171697948833162,0.005295999014276888,0.0020837481439759144,0,1253.8995179067563,2663.0149975491872,1177.0533887346335,1669.6860414917767,0.1,0.250044420086012,122
Belgium,2020-03-10,2020-03-14,2020-03-29,2020-04-02,2,2,1.1794580862325026,1.0055076365939202,0.9671717465206773,0.018827341538961272,0.042688674311946645,0.0027599101772339974,0,1588.8634069988127,2124.185775981575,2828.0044179417796,29263.634896009964,0.1,0.014266706082621507,7
Bosnia and Herzegovina,2020-03-10,2020-03-17,2020-03-13,2020-03-30,2,2,1.4336486876877639,1.1579969326599948,0.9850850714582534,0.4854554023233689,0.023571965558003366,0.002834602863967063,0,3.0321693053054606,58.88270047346792,139.41911598998243,129.97910426458955,0.1,0.13066786438023711,5
Bosnia and Herzegovina,2020-03-10,2020-03-17,2020-03-20,2020-03-30,2,2,1.2142836003287105,1.1558121734492888,0.9851186872078294,0.11264775559230247,0.034107359113639844,0.0028855390702686888,0,3.6836998934035634,58.81769594939499,141.46558886693518,282.95482163052384,0.1,0.060024041542884675,2
Bosnia and Herzegovina,2020-03-10,2020-03-17,2020-03-20,2020-03-31,2,2,1.2405876038186943,1.1282554815873258,0.9845510895477775,0.1057316127228227,0.027725810688395122,0.002877676845950381,0,7.076923700576199,59.960139971130026,137.42476812437204,224.5168850537972,0.1,0.0756472813358357,3
Bosnia and Herzegovina,2020-03-10,2020-03-17,2020-03-21,2020-04-04,2,2,1.265006009273796,1.0608901307432026,0.983023633824502,0.06982862091265475,0.01674357109522166,0.003330336068637262,0,18.166313189222823,63.25101490515048,141.99919946565183,185.1958041547312,0.1,0.0917088378207525,3
Bosnia and Herzegovina,2020-03-10,2020-03-17,2020-03-21,2020-04-05,2,2,1.2763363855648189,1.0531458235747122,0.9827925456770317,0.06893562982999266,0.015276610107492428,0.0034247676422605967,0,19.86396001711951,63.76440542527213,142.59398407345202,161.1978851674117,0.1,0.1053617542852457,4
Bosnia and Herzegovina,2020-03-10,2020-03-17,2020-03-22,2020-04-02,2,2,1.2206654972890183,1.0928862614622017,0.9835515999092553,0.06921183359010182,0.022562733074044633,0.003064404932918192,0,11.88346893189395,62.06807858469633,146.16558748289208,639.0691040873519,0.1,0.026576299589016895,1
Bosnia and Herzegovina,2020-03-10,2020-03-17,2020-03-22,2020-04-03,2,2,1.245204255574696,1.070645590000305,0.9832018973055139,0.06770874150239659,0.018690580079833992,0.0032230601983545227,0,16.23395589841838,62.841444104741974,137.7207575656859,98.02274718092706,0.1,0.17326684322529162,7
Bosnia and Herzegovina,2020-03-10,2020-03-17,2020-03-27,2020-04-09,2,2,1.1967681818249005,1.0218157364193359,0.9820258727865566,0.03239947809871534,0.013397520896318736,0.003755168243798737,0,33.41591707246284,65.40696743321736,144.65645348033848,269.40655379124223,0.1,0.06304260876099815,2
Bosnia and Herzegovina,2020-03-10,2020-03-17,2020-03-27,2020-04-10,2,2,1.1996799743226916,1.0183161921041568,0.9817617949392035,0.0319984675539735,0.012282107433785086,0.0038903152072055766,0,34.64048240374015,66.00415517127004,143.29302606972652,131.21391242690504,0.1,0.12943819488479444,5
Bosnia and Herzegovina,2020-03-10,2020-03-17,2020-03-27,2020-04-11,2,2,1.2016266980573413,1.0160350200746677,0.9815249390535988,0.03175614905997435,0.011533872581661506,0.004007508412293499,0,35.44801049469064,66.54159349467376,144.99974003228678,117.72739030963314,0.1,0.14426627417494323,5
Bulgaria,2020-03-05,2020-03-21,2020-03-23,2020-04-18,2,2,1.0928614044118592,1.0473907124238706,0.9849435909215906,0.04501938101888302,0.01866560850607303,0.006507974712693001,0,8.503019401753836,61.33328419268278,295.09799617316617,2081.164323183191,0.1,0.06668155528390503,1
Bulgaria,2020-03-05,2020-03-21,2020-03-24,2020-04-18,2,2,1.0879876509810982,1.0481398013803853,0.9848391059132642,0.04200412739884511,0.01910409639606393,0.006543033417512146,0,8.009417769743274,61.5618061349278,301.85320919923936,2125.7724311817065,0.1,0.06528228131836587,1
Bulgaria,2020-03-05,2020-03-21,2020-03-26,2020-04-18,2,2,1.0799149879191228,1.048978628010874,0.9846915573174845,0.03553067800907919,0.020656909354187302,0.006646070949735979,0,7.486599097796226,61.87346090440363,294.46337905899355,1753.698283780874,0.1,0.07913292449145763,1
Bulgaria,2020-03-05,2020-03-21,2020-03-27,2020-04-18,2,2,1.0763982344167342,1.0496341947790215,0.9845892973183179,0.032851713391690365,0.02156285081939813,0.006697815396011464,0,7.065706464356154,62.09368971611143,290.2055394371701,1574.9163701845243,0.1,0.08811596380509473,1
Bulgaria,2020-03-05,2020-03-21,2020-03-28,2020-04-18,2,2,1.0723541429014578,1.0507625563282117,0.9844257537854091,0.029882664881002934,0.022837331071471467,0.006762329157352306,0,6.326334865961055,62.44726981717212,280.73396379724187,1308.9824980704104,0.1,0.10601766950727096,2
Bulgaria,2020-03-05,2020-03-21,2020-03-29,2020-04-17,2,2,1.067308388307682,1.055604849368829,0.9856942321883889,0.02819621043130758,0.028133905774088416,0.006872197203540107,0,3.8738713887603318,59.80236513311242,296.9165315634476,1200.3339092346864,0.1,0.1156138911044441,2
Bulgaria,2020-03-05,2020-03-21,2020-03-29,2020-04-18,2,2,1.0648729773814893,1.055468785619123,0.9838553073627305,0.02647574821708246,0.024502808681357725,0.006837790673228397,0,3.1127874733433067,63.6977900782513,272.05122584433315,1110.0339109744143,0.1,0.1250189498710093,2
Bulgaria,2020-03-05,2020-03-21,2020-03-30,2020-04-17,2,2,1.0659202715772698,1.0565981633969228,0.985587853660367,0.026955322625583825,0.029016699448383556,0.006898089713803494,0,3.225449430400019,60.03369721964461,300.1893562876915,1231.1472959049127,0.1,0.11272028483742776,2
Bulgaria,2020-03-05,2020-03-21,2020-03-30,2020-04-18,2,2,1.0635165778349194,1.0564391658373937,0.9837382550891568,0.025304880033284047,0.025189631508462665,0.00686157117890312,0,2.4487845511439055,63.953755044152395,274.4390710656549,1138.8086334652405,0.1,0.12186004723985656,2
Bulgaria,2020-03-05,2020-03-21,2020-03-31,2020-04-18,2,2,1.0630894759987772,1.056642551780845,0.9837097288886437,0.02444266556579265,0.02588146008051665,0.00688168994575053,0,2.3144457942376953,64.01561396104002,276.5448000243966,1160.7512111357528,0.1,0.11955643254116803,2
Croatia,2020-03-10,2020-03-20,2020-03-26,2020-04-05,2,2,1.1782133037901978,0.9832263176832201,0.9435863363270646,0.016255924972254532,0.014238061954470017,0.006529278798503338,0,86.1842478592842,130.81886686631537,113.54282279446707,439.788419242555,0.1,0.07074902900303408,2
Croatia,2020-03-10,2020-03-20,2020-03-26,2020-04-06,2,2,1.1780187212375761,0.9822066989375423,0.9419888906553467,0.0156110941737131,0.012822951494475576,0.006687826447602425,0,86.5489138566149,134.08636324616998,107.79390962138193,420.3828221699686,0.1,0.07401492636540181,2
Croatia,2020-03-10,2020-03-20,2020-03-26,2020-04-07,2,2,1.176972745932484,0.9826495866736742,0.9401627342623738,0.015197964854724268,0.011976550084732121,0.00681317235521883,0,85.89083639239392,137.809770039003,100.632034654903,314.14906933533723,0.1,0.09904407386601825,3
Croatia,2020-03-10,2020-03-20,2020-03-26,2020-04-08,2,2,1.175774123755537,0.9829051296477627,0.9372470887011627,0.014581469350601435,0.010857115179637262,0.007044686924671994,0,85.24809539563626,143.78170388917744,93.19369838836951,214.20941378705822,0.1,0.1452532037603189,4
Croatia,2020-03-10,2020-03-20,2020-03-26,2020-04-09,2,2,1.1746554621728484,0.9829749050852569,0.9339501230319076,0.014169106404057313,0.010008606545951017,0.007422974314035306,0,84.72280623271546,150.56308853036364,89.4307789475702,192.75329772845092,0.1,0.16142190040257573,5
Croatia,2020-03-10,2020-03-20,2020-03-26,2020-04-10,2,2,1.1742774229038366,0.9822768460679999,0.930490365677568,0.01379493570772827,0.00926128853928355,0.007941508942649556,0,84.86425496143983,157.7278328707775,88.58594977721359,207.2489150275601,0.1,0.15013156341036762,5
Croatia,2020-03-10,2020-03-20,2020-03-26,2020-04-11,2,2,1.1771125156734064,0.9782643247830053,0.9279990867195705,0.012951654422922383,0.008027066816930202,0.008526404159757474,0,87.89090037355727,163.0374312783923,87.80190343103533,266.0240275699084,0.1,0.11696162903936724,4
Croatia,2020-03-10,2020-03-20,2020-03-26,2020-04-12,2,2,1.177701006902234,0.9772033505496206,0.9261407618708258,0.012808349282060084,0.007687219183556778,0.008966549654315146,0,88.61996410785513,166.94997514112623,89.12160361674601,343.94595076313635,0.1,0.09046364278792624,3
Croatia,2020-03-10,2020-03-20,2020-03-26,2020-04-13,2,2,1.1790801854819226,0.9751037852996673,0.9232057437153243,0.012774343283639758,0.007266598341297434,0.009978345291602459,0,90.1575688805569,173.19443541550572,94.84618686280764,531.4800586371682,0.1,0.058543313380326485,2
Croatia,2020-03-10,2020-03-20,2020-03-26,2020-04-14,2,2,1.1807645514470213,0.9731192027872233,0.9213681514948904,0.012616212022838594,0.006867544371561532,0.010752421186590087,0,91.77924410763077,177.16847873997995,103.99548888612183,931.108903108615,0.1,0.03341671798466358,1
Czech Republic,2020-03-11,2020-03-13,2020-03-13,2020-03-26,2,2,1.3911798153460087,1.174783615379099,0.9604642781990695,0.2337193343914152,0.020748229983160196,0.004004552010031985,0,20.341242796889524,374.8254264926581,291.86802543146507,1104.6844823051097,0.1,0.05854962617479399,4
Czech Republic,2020-03-11,2020-03-13,2020-03-14,2020-03-26,2,2,1.3442554005857805,1.1718228004657507,0.960644652636828,0.16883749903000422,0.022611657754315707,0.004067825132315937,0,24.312996616924202,373.60165312596257,309.3299001685136,2862.955255641788,0.1,0.022591643146571274,2
Czech Republic,2020-03-11,2020-03-13,2020-03-14,2020-03-27,2,2,1.3873178197612068,1.1456661011746863,0.9574443362247425,0.14620664800360772,0.01686168258631069,0.003858718263426637,0,34.072892320699395,396.39978984934095,235.28559423969452,318.06553233917555,0.1,0.20335074663509406,14
Czech Republic,2020-03-11,2020-03-13,2020-03-15,2020-03-28,2,2,1.4060923495799957,1.1126358676422965,0.9548667668063986,0.10680536632962877,0.014134716356053317,0.004065009634248517,0,55.46327508622515,415.0190558912366,303.4560302495129,4351.402941556323,0.1,0.014863910409760159,1
Czech Republic,2020-03-11,2020-03-13,2020-03-16,2020-03-28,2,2,1.349082808747251,1.1100305616142794,0.9550561124823707,0.08214295033272051,0.014755497146010854,0.0040595850587015064,0,60.48021852464187,413.66698809626183,321.76232834822406,3480.703536419659,0.1,0.018582123643483394,1
Czech Republic,2020-03-11,2020-03-13,2020-03-17,2020-03-29,2,2,1.3709825642991023,1.0818931953129036,0.9537733550501433,0.07134479265496449,0.013119209075236045,0.004471708265144627,0,86.14863195788722,423.2319316892095,294.7974872615063,3784.566917848213,0.1,0.017090162463512307,1
Czech Republic,2020-03-11,2020-03-13,2020-03-18,2020-03-30,2,2,1.3345705014997642,1.0675424679248045,0.9531064438946601,0.05594496242628577,0.013017731584154682,0.004671209772020025,0,105.74310129568408,428.1093809886006,276.1937030874385,1006.6875046550218,0.1,0.06424919667819318,4
Czech Republic,2020-03-11,2020-03-13,2020-03-18,2020-03-31,2,2,1.3428541837755739,1.0607521559156936,0.9515564855648656,0.055822846746121535,0.012191890508558846,0.004878144393298591,0,111.71240303251254,439.40860975534724,261.38893248704824,154.48772899835294,0.1,0.4186666727475137,28
Czech Republic,2020-03-11,2020-03-13,2020-03-19,2020-03-30,2,2,1.3128891604295976,1.063398139549543,0.9534711732994587,0.049095768143465134,0.013619723187896561,0.0046753813419791275,0,115.76383368834533,425.42809761483284,324.8365032120304,2625.246976351701,0.1,0.024637249014164777,2
Czech Republic,2020-03-11,2020-03-13,2020-03-19,2020-03-31,2,2,1.3195688025782313,1.056754537780428,0.9519566541603934,0.04867384031679521,0.012653075500016575,0.0048582240530824815,0,121.9458188661807,436.44426760990433,279.5776894595629,410.87161932711933,0.1,0.1574186690869133,11
Denmark,2020-03-03,NA,2020-03-22,NA,1,1,1.152296199502786,0.9872033888330898,NA,0.039466241181491175,0.006440715072175447,NA,0,218.9130669480174,NA,3756.6948595141525,133785.07715966232,0.1,0.0015741518501659728,1
Denmark,2020-03-03,NA,2020-03-23,NA,1,1,1.148210561367381,0.9866014116719843,NA,0.036519560185113605,0.006306474586823686,NA,0,225.4447638250784,NA,2865.335254089091,88709.34423397643,0.1,0.0023740230361754726,2
Denmark,2020-03-03,NA,2020-03-24,NA,1,1,1.1499868219248066,0.985333298079786,NA,0.033534011250914916,0.006082681500087102,NA,0,238.74760957528014,NA,2048.252151514458,47937.434631071636,0.1,0.004393185166378853,3
Denmark,2020-03-03,NA,2020-03-25,NA,1,1,1.1427923299601879,0.9840388747659096,NA,0.028529847478626826,0.0057492396301133605,NA,0,252.57674721409688,NA,1628.824638931711,31148.756562572697,0.1,0.0067610412092188425,4
Denmark,2020-03-03,NA,2020-03-26,NA,1,1,1.137792849627222,0.9826367112801705,NA,0.024244590074566332,0.005366541852179946,NA,0,267.48918251031665,NA,1257.222288585075,17262.80194503483,0.1,0.012199527481461525,8
Denmark,2020-03-03,NA,2020-03-27,NA,1,1,1.1319153170067644,0.9811722478413367,NA,0.020089364112152206,0.004916311453833365,NA,0,282.94474082350786,NA,982.1625064017616,9413.73936654095,0.1,0.022371346659968497,14
Denmark,2020-03-03,NA,2020-03-28,NA,1,1,1.1252513952631564,0.9797686646414012,NA,0.016628924007325713,0.004512999130014056,NA,0,297.65766685211105,NA,775.6479017315421,5330.872560681403,0.1,0.039505357582316845,25
Denmark,2020-03-03,NA,2020-03-29,NA,1,1,1.1213043863769836,0.9780710432954087,NA,0.013787729108230328,0.004097426320052115,NA,0,315.2565881225464,NA,582.5144052627581,1806.946186237132,0.1,0.11654914149603919,74
Denmark,2020-03-03,NA,2020-03-30,NA,1,1,1.1151556456430718,0.9764492750702086,NA,0.010866513532223156,0.0035889936069049186,NA,0,332.2017575220072,NA,441.5305722408393,915.2503091331117,0.1,0.23009883158078345,146
Denmark,2020-03-03,NA,2020-03-31,NA,1,1,1.1111956911984737,0.9745068168246145,NA,0.008379647210676494,0.0030443668046876925,NA,0,352.2472292614353,NA,320.1648746932198,373.28599504785126,0.1,0.5641733939374914,359
Estonia,2020-03-12,2020-03-27,2020-03-25,2020-03-30,2,2,1.1140675171390466,1.0463104404541221,0.9568220095932577,0.02182282052177074,0.033512077304289345,0.00720954225941739,0,25.002361296737146,85.76500585126416,189.18968706317622,320.3924326134922,0.1,0.03807843531321109,1
Estonia,2020-03-12,2020-03-27,2020-03-25,2020-03-31,2,2,1.1130673742004038,1.0419911844950742,0.9554403258379484,0.021341176142180472,0.0296862171472391,0.007311626142452956,0,26.227114001266614,88.11097794111168,188.29923264524945,159.02937502344187,0.1,0.07671565406275946,2
Estonia,2020-03-12,2020-03-27,2020-03-25,2020-04-01,2,2,1.111598568434962,1.040588775255761,0.9538381161171748,0.02081148872651635,0.026956186251033864,0.00737103319549716,0,26.20261368312518,90.83185474137184,191.836004779403,73.19427130883712,0.1,0.1666802920769324,5
Estonia,2020-03-12,2020-03-27,2020-03-26,2020-03-29,2,2,1.1272387216120152,1.0130726146357814,0.9599861092726683,0.02390950775277999,0.052001569549975146,0.007686059426471109,0,46.12310721839852,80.36390317760645,173.8578792996346,151.82917761509123,0.1,0.08035374169676442,2
Estonia,2020-03-12,2020-03-27,2020-03-26,2020-03-30,2,2,1.1242844175416264,1.0157679600193004,0.9586543706463386,0.02264527885899056,0.04289156565155401,0.00759177357911028,0,43.84064883901971,82.6207760232607,173.5819399849519,95.74913105746477,0.1,0.12741674399941272,3
Estonia,2020-03-12,2020-03-27,2020-03-26,2020-03-31,2,2,1.1216325515187129,1.0174286323492807,0.9571237704909442,0.021626482356764804,0.03649997089347615,0.0075940205588900305,0,42.098383344450525,85.21635957316116,175.27211455197738,73.2619636338518,0.1,0.16652628342161976,4
Estonia,2020-03-12,2020-03-27,2020-03-26,2020-04-01,2,2,1.1189232508665228,1.0200740268062407,0.9554258145516,0.020717225448534927,0.03218574580879143,0.007582108573504091,0,39.93508652035395,88.09800465006131,180.16601590916687,99.84226250776642,0.1,0.12219316964262705,3
Estonia,2020-03-12,2020-03-27,2020-03-26,2020-04-02,2,2,1.1155811247256822,1.023704200337355,0.9530218201815014,0.019785071954476638,0.028239126402167764,0.007614596106138178,0,37.118277452884094,92.17985159429418,192.90937701397175,177.64784780379378,0.1,0.06867543103359042,2
Estonia,2020-03-12,2020-03-27,2020-03-26,2020-04-22,2,2,1.1416309068470938,0.9666357324113026,0.9583721859944598,0.02069761216809138,0.010017461823701777,0.0266853678791603,0,70.69805047205962,83.52307451099958,193.41216355266047,151.5969809388895,0.1,0.08047681718037106,2
Estonia,2020-03-12,2020-03-27,2020-03-26,2020-04-24,2,2,1.142755663105899,0.9655610663669184,0.9614064514505796,0.02063716080252937,0.009568158472104578,0.029710845353640405,0,71.58661708254817,78.20076402935965,184.1204716921448,167.3911649994681,0.1,0.07288343157271159,2
Finland,2020-03-12,2020-04-14,2020-03-26,2020-04-23,2,2,1.1215236925687349,1.0068782693550604,0.962653838772346,0.015493387743980735,0.006366506926632824,0.0062929565002147895,0,100.88797242803362,283.4906463040611,172.65757854406274,87.82318540645758,0.1,0.3481385827527793,15
Finland,2020-03-12,2020-04-14,2020-03-26,2020-04-24,2,2,1.1231967064384871,1.0052142092795382,0.9614782224955836,0.015329655505094466,0.006049037371715002,0.006655458877577302,0,103.82459749987505,291.1895648823364,172.38662164077084,126.91536330217038,0.1,0.24090573831825338,11
Finland,2020-03-12,2020-04-14,2020-04-07,2020-05-07,2,2,1.0710588765304296,0.9795216843859994,0.9522049934223245,0.006493021010862348,0.006493667690539705,0.014261891721560968,0,199.1849301062804,351.42084884684095,169.08116925721535,1315.3324359432108,0.1,0.02324479991882354,1
Finland,2020-03-12,2020-04-14,2020-04-07,2020-05-08,2,2,1.0712559736778016,0.9790429807533542,0.9508412666657369,0.006443953144005559,0.00626182130559621,0.015320567621205998,0,200.65547260359784,360.64379662265014,170.03350018939702,1308.5899769090586,0.1,0.02336456784764409,1
Finland,2020-03-12,2020-04-14,2020-04-08,2020-05-07,2,2,1.0672000422395007,0.9784143169263428,0.9525443017522665,0.006597562459744119,0.007283880561076967,0.015429164603431102,0,204.91745402276854,349.0910485878964,172.30202982514362,860.2504351482575,0.1,0.035541556331755195,2
Finland,2020-03-12,2020-04-14,2020-04-09,2020-05-05,2,2,1.0619221423986904,0.9780249316805147,0.9561392380757234,0.007009379073728811,0.00948173396522306,0.014774022752886177,0,208.6523630561026,325.23745288882594,171.6451547695804,468.8896766038154,0.1,0.06520646716236518,3
Finland,2020-03-12,2020-04-14,2020-04-09,2020-05-06,2,2,1.0616952960132882,0.9784682328567128,0.9537894160367038,0.006957984419640429,0.009203989763505512,0.015619550467756248,0,206.98570607040284,340.54746270029204,168.53556289943683,480.40287751349274,0.1,0.06364374722001949,3
Finland,2020-03-12,2020-04-14,2020-04-09,2020-05-07,2,2,1.0619833989645835,0.9775676537018624,0.9522075701666901,0.006812734377848806,0.008590711566936972,0.01728190531756257,0,209.9419584683875,351.2737040099022,169.18350242029982,464.3748395774268,0.1,0.06584043039037411,3
Finland,2020-03-12,2020-04-14,2020-04-09,2020-05-08,2,2,1.0621519229951795,0.9770374357118321,0.9510725507635788,0.006755039638355241,0.008250470156002238,0.018524880328043492,0,211.67972987368466,358.97852218512617,170.64912532923245,456.04326908596465,0.1,0.06704328596169976,3
Finland,2020-03-12,2020-04-14,2020-04-09,2020-05-09,2,2,1.0621411917876897,0.9769765945358448,0.9494592834591409,0.0067431307491386825,0.008075285901679033,0.019521097937038528,0,211.80435336533836,369.69868432346595,172.55240380449598,455.8560255103801,0.1,0.06707082409628588,3
France,2020-02-29,2020-03-17,2020-03-15,2020-04-04,2,2,1.276947951398218,1.0905753056480576,0.947745866777586,0.17323794488047722,0.020311118412463032,0.007897054927356553,0,832.8993538574663,10022.259791905877,34824.441821540895,20320.433992021062,0.1,0.5566786791768863,24
France,2020-02-29,2020-03-17,2020-03-15,2020-04-05,2,2,1.2867164201578478,1.0845791136686278,0.9450751634735988,0.16399952018581027,0.018211159857432862,0.00790745594202938,0,903.3516227003249,10474.020125830286,34456.28617975368,58914.94960269258,0.1,0.1920047870916349,8
France,2020-02-29,2020-03-17,2020-03-15,2020-04-06,2,2,1.2899101453900208,1.082426656416003,0.9437226255922061,0.16080668256039238,0.01745640124088507,0.007957534727639116,0,927.2437122248855,10702.826396624443,36221.445095996816,192919.2155003368,0.1,0.05863569539012375,3
France,2020-02-29,2020-03-17,2020-03-15,2020-04-07,2,2,1.2936807090435365,1.0788837823149948,0.9404417403139227,0.1531854796029801,0.01593438622472561,0.008026098249290766,0,959.9274655498523,11258.63097000961,36646.07348120738,293028.7993855243,0.1,0.038603551523605645,2
France,2020-02-29,2020-03-17,2020-03-15,2020-04-09,2,2,1.2970171593998527,1.0737722205805844,0.9327198207147275,0.1373202363157594,0.013285236942499782,0.008095402868502511,0,997.6816315833098,12570.748935777132,36511.17947632531,439865.91482338257,0.1,0.025716819543795354,1
France,2020-02-29,2020-03-17,2020-03-15,2020-04-10,2,2,1.2968498559546446,1.071752839544235,0.9275052140819985,0.12796241553338877,0.011959903829685627,0.008092539471633688,0,1005.9585663381204,13459.433062994849,36060.43042404786,436197.2699606112,0.1,0.025933111309937504,1
France,2020-02-29,2020-03-17,2020-03-15,2020-04-11,2,2,1.2956916960441371,1.0701958530580757,0.9214204771369932,0.12048802514553993,0.010931558882529837,0.00822110107620932,0,1007.7409223047091,14498.096909324786,36585.070654665244,408518.7120026826,0.1,0.027690169440525176,1
France,2020-02-29,2020-03-17,2020-03-17,2020-04-08,2,2,1.2391175882346122,1.074258961000408,0.9372186329461702,0.10388336404793032,0.01554486888043118,0.008141659991754114,0,1093.5072744444753,11805.538597460083,36304.20265462901,444892.13119452866,0.1,0.025426281028183093,1
France,2020-02-29,2020-03-17,2020-03-17,2020-04-09,2,2,1.2387725181790585,1.0720674249391,0.9330774187176031,0.09780843255785751,0.014122748111968845,0.008158357030138133,0,1105.7548834606446,12509.60691392203,35022.0526603825,440584.3719162897,0.1,0.025674883350444037,1
France,2020-02-29,2020-03-17,2020-03-17,2020-04-10,2,2,1.237738624479875,1.070141605022078,0.9278978646147625,0.09101126901472101,0.012684785355221214,0.008155611686713459,0,1111.671030063567,13392.142114388742,35642.99145253882,478589.5141597389,0.1,0.023636022144864204,1
Germany,2020-02-26,2020-03-22,2020-03-03,2020-03-26,2,2,3.4408613845211784,1.164046896984605,0.9584351517871575,1.9024658711889644,0.013787161616020905,0.003414092359564408,0,362.0135035183152,8036.060669522645,6014.172419764532,77419.87379042973,0.1,0.04553882449319287,2
Germany,2020-02-26,2020-03-22,2020-03-19,2020-03-25,2,2,1.2456956259453174,1.1444569978429098,0.9635874697878031,0.048672524836186525,0.03755147695586455,0.004590638225707361,0,1247.9685686183802,7214.1308210441275,6438.917179166866,37661.181795079436,0.1,0.09361389836386269,5
Germany,2020-02-26,2020-03-22,2020-03-19,2020-03-29,2,2,1.2510131516982395,1.072291766120684,0.9513102079468638,0.022904989152836088,0.007846146013709742,0.0026591049339507165,0,2203.098520014523,9183.129518853088,4443.971830393992,156398.44629222524,0.1,0.02254248765515252,1
Germany,2020-02-26,2020-03-22,2020-03-19,2020-03-30,2,2,1.2589417214826701,1.0626428488156139,0.9498095505429209,0.02331417150790698,0.007445993923789614,0.0027751272732518583,0,2419.7762033668023,9426.159859609668,1867.4980087721856,13456.360583630234,0.1,0.2620032380164109,13
Germany,2020-02-26,2020-03-22,2020-03-19,2020-03-31,2,2,1.2669008864618443,1.0537046765357019,0.9482431639901389,0.024536148662340305,0.00728253131556669,0.0030393385483545657,0,2628.0696797595565,9681.862946369543,2129.8724812766404,23409.874162624474,0.1,0.15060354533884718,7
Germany,2020-02-26,2020-03-22,2020-03-19,2020-04-01,2,2,1.2733857915521078,1.0464686644040442,0.946409968077086,0.02596777631523775,0.007203175816754934,0.0033655351571987235,0,2797.20742635418,9982.222292200395,4307.937372549196,133062.74824442575,0.1,0.026495845691923144,1
Germany,2020-02-26,2020-03-22,2020-03-20,2020-04-02,2,2,1.248243292018964,1.034388580579442,0.9447368427199444,0.02270114593062932,0.007517956903360851,0.0037670566643657724,0,3276.254179253478,10257.61430984826,6844.725728349355,172025.01711586802,0.1,0.02049475189095802,1
Germany,2020-02-26,2020-03-22,2020-03-20,2020-04-03,2,2,1.2570070707720649,1.0256080391366402,0.9429953079435451,0.025222732818922296,0.007631858876525364,0.004513692824606896,0,3545.0331646547074,10550.097093442011,5045.1149820964865,32913.54901387848,0.1,0.10711728605568778,5
Germany,2020-02-26,2020-03-22,2020-03-20,2020-04-04,2,2,1.2665238634228684,1.0176902635029885,0.942162825855842,0.027922623443129214,0.007768036164511774,0.005356910961165731,0,3812.1307507725587,10697.1364392488,4740.38949117958,15257.239403040481,0.1,0.23107784781334256,11
Germany,2020-02-26,2020-03-22,2020-03-20,2020-04-05,2,2,1.2719060574861483,1.0129240783519207,0.9412638389028708,0.03021952161718701,0.007897029068149281,0.006140698399419122,0,3967.6039203363653,10853.579649474472,6154.588107937369,87025.72424337042,0.1,0.04051227468062239,2
Greece,2020-02-29,2020-03-12,2020-03-08,2020-03-26,2,2,1.3939412190200324,1.095787385932712,0.9584898386280505,0.19965510261192856,0.017703834148864884,0.005516495790847605,0,13.715076322016738,126.43636265914391,149.18057145302015,148.73846591394314,0.1,0.09918306557830575,8
Greece,2020-02-29,2020-03-12,2020-03-08,2020-03-27,2,2,1.405986192704201,1.0885348766691483,0.9559649810770668,0.18653395401055078,0.01536242263684545,0.00545078891119185,0,14.60276053761243,132.85510740574904,138.33203824809053,57.88364970626008,0.1,0.254861901307577,20
Greece,2020-02-29,2020-03-12,2020-03-08,2020-03-28,2,2,1.4200203456601188,1.0818488176071872,0.9532406203023304,0.17810898879038406,0.013674216509894102,0.005527893298024892,0,15.555890290434853,139.79140888692663,140.0802145436997,226.01448460105763,0.1,0.06527164418156138,5
Greece,2020-02-29,2020-03-12,2020-03-09,2020-03-26,2,2,1.3152609020211643,1.0919901122405087,0.9587973045593118,0.1331626787762337,0.018948507726925815,0.005575494608879289,0,16.298767653987852,125.65006276025048,150.79892814269627,320.84643781840987,0.1,0.04597943215161587,4
Greece,2020-02-29,2020-03-12,2020-03-09,2020-03-27,2,2,1.3199492563547341,1.085087368789738,0.9562837178277895,0.12363615498034566,0.016300528594307022,0.005495055904790971,0,17.144917792244726,132.03777445030275,135.75823349100997,74.83840795008618,0.1,0.1971225393864385,15
Greece,2020-02-29,2020-03-12,2020-03-09,2020-03-28,2,2,1.327037098854061,1.0786204323975248,0.9535767062962988,0.11712592347891294,0.014359545255899784,0.005550245951247907,0,18.134416651327143,138.92665606511142,132.53526660449987,57.61652598390132,0.1,0.2560435008330974,20
Greece,2020-02-29,2020-03-12,2020-03-09,2020-03-29,2,2,1.3465385517175945,1.0696830088957634,0.9506069885478728,0.11113509982867316,0.012527670773700744,0.005699133200901968,0,20.21045462599367,146.55011221510546,150.17620549718393,496.21627327737275,0.1,0.029729651793408682,2
Greece,2020-02-29,2020-03-12,2020-03-15,2020-03-28,2,2,1.1802461116462573,1.0701346092775164,0.9543315411348182,0.04549463041992475,0.0196023282386904,0.005768868793058945,0,25.10542254007295,136.97118636591927,148.6163316937881,1140.625170399267,0.1,0.012933553810315508,1
Greece,2020-02-29,2020-03-12,2020-03-15,2020-03-29,2,2,1.1856878269105597,1.060207210433298,0.9516869368710195,0.04248729881116289,0.016556751389093544,0.0058565095003402234,0,28.60958055681563,143.74959080639331,137.73001066061076,789.8218843320427,0.1,0.01867805553556592,1
Greece,2020-02-29,2020-03-12,2020-03-15,2020-03-30,2,2,1.1930199665530945,1.0508559172941607,0.9493665829006535,0.04077201754014789,0.01448912929099893,0.00609865790181826,0,32.413403231036874,149.73507378993136,139.7572489150725,730.4346541757798,0.1,0.020196655422113987,2
Hungary,2020-03-11,2020-03-27,2020-03-16,2020-04-11,2,2,1.4349610952295186,1.079860666228476,0.9680597556130142,0.23307369683965495,0.010562544684326264,0.0044465201596127725,0,11.363213728033362,144.40629736043303,102.2651031412651,687.172513920833,0.1,0.025951644761598353,1
Hungary,2020-03-11,2020-03-27,2020-03-23,2020-04-11,2,2,1.2045560780264275,1.0738222122746413,0.9687439787634093,0.06792661811446098,0.012737998695405697,0.0045022436479080575,0,17.126136413483987,142.16923429184996,82.53717871167585,162.43825116146107,0.1,0.10978483727630127,4
Hungary,2020-03-11,2020-03-27,2020-03-24,2020-04-12,2,2,1.2004069501735415,1.0605260352135841,0.9680742540872023,0.05440328039786907,0.012039808076733076,0.004843085760178,0,23.360112798312887,144.47194607387303,91.69147433996189,313.26491492516953,0.1,0.056927080313056565,2
Hungary,2020-03-11,2020-03-27,2020-03-24,2020-04-13,2,2,1.2180237215183247,1.0514193570692483,0.9676707527390109,0.05557265452886608,0.011388968038157898,0.0052328652624003226,0,27.822928862995774,145.90846096863035,94.46577547231412,520.0110279639279,0.1,0.03429399765045948,1
Hungary,2020-03-11,2020-03-27,2020-03-25,2020-04-12,2,2,1.189097037527681,1.0597684358591632,0.9681572917848331,0.049298524281959764,0.012364537813853235,0.004870891067541535,0,24.1844485120128,144.19504724938537,98.21600897877634,509.8433832806839,0.1,0.03497791195495465,1
Hungary,2020-03-11,2020-03-27,2020-03-25,2020-04-13,2,2,1.2048768904168505,1.0505217268731288,0.9677870521792834,0.05031186396610871,0.011668901357945861,0.005256612868224836,0,28.864415582675925,145.5203069009981,92.60320980745557,326.5018776903375,0.1,0.054619155936743075,2
Hungary,2020-03-11,2020-03-27,2020-03-26,2020-04-14,2,2,1.187680871125615,1.046010087777565,0.9675061973446365,0.042407257771999295,0.011740838189027176,0.0054328406960213425,0,32.01759703665931,146.47626928786906,105.67458611921673,529.406357079308,0.1,0.03368538502180554,1
Hungary,2020-03-11,2020-03-27,2020-03-26,2020-04-15,2,2,1.1909390542294938,1.0431910888188898,0.9667593419884442,0.04218003245815082,0.01124885470040804,0.005587483532252905,0,33.391040182796516,148.95584139043015,96.78305975991563,141.12275567974183,0.1,0.12636698373207803,5
Hungary,2020-03-11,2020-03-27,2020-03-26,2020-04-16,2,2,1.1939852664034944,1.0403763127446004,0.965612094421112,0.04147138458211488,0.010601516503289892,0.0057381617391695445,0,34.71562352691006,152.76832425969837,96.48325741938288,53.07309082175287,0.1,0.33601316024916167,13
Hungary,2020-03-11,2020-03-27,2020-03-26,2020-04-17,2,2,1.196432818542957,1.0379082807956859,0.9641213854003441,0.04051170379166985,0.009917314597953126,0.005887138627170344,0,35.826545530883266,157.72249672398783,98.63538873416734,95.17169336792112,0.1,0.18737984310384134,7
Iceland,2020-03-16,2020-03-16,2020-03-23,2020-03-23,2,2,1.159493310448193,NA,0.9300661630022119,0.014888194218558266,NA,0.00774764421190172,0,NA,130.31461974931733,406.76977350673116,6966.798719119413,0.1,0.020102208436829673,4
Iceland,2020-03-16,2020-03-16,2020-03-24,2020-03-24,2,2,1.1558166670642456,NA,0.9279067637676667,0.014022632416313269,NA,0.007682323875644143,0,NA,134.01102313838842,476.3242324911122,11298.697977145592,0.1,0.012395060056694869,2
Iceland,2020-03-16,2020-03-16,2020-03-25,2020-03-25,2,2,1.1468860265134364,NA,0.9205146248165078,0.011683853602958094,NA,0.0074301253618525576,0,NA,146.68866829960967,338.82335579591074,6772.154446257996,0.1,0.020679983172350862,4
Iceland,2020-03-16,2020-03-16,2020-03-26,2020-03-26,2,2,1.1332774675671313,NA,0.9103177455770486,0.00909512319082728,NA,0.00713210334098924,0,NA,164.3213151066911,168.09178121973378,533.6718322242073,0.1,0.2624235185984843,47
Iceland,2020-03-16,2020-03-16,2020-03-27,2020-03-27,2,2,1.1233811385991614,NA,0.9033119410199633,0.008362911250344994,NA,0.007595916625942557,0,NA,176.49549645851693,135.44520163923576,224.80733660965853,0.1,0.6229691704072235,111
Iceland,2020-03-16,2020-03-16,2020-03-28,2020-03-28,2,2,1.1102673026854384,NA,0.8943811729653961,0.008136445527912966,NA,0.008980642198548976,0,NA,192.13865545083772,184.71684626126574,4878.80978940347,0.1,0.02870536996407479,5
Iceland,2020-03-16,2020-03-16,2020-03-29,2020-03-29,2,2,1.100778346560767,NA,0.8860571916853172,0.008011221821787656,NA,0.01040043719760579,0,NA,206.77647214505816,274.1334272302158,11165.395365837043,0.1,0.012543043519773952,2
Iceland,2020-03-16,2020-03-16,2020-03-30,2020-03-30,2,2,1.0936942960688627,NA,0.8793349154592387,0.00818369473877503,NA,0.012058368699127924,0,NA,218.64656822181638,350.21149318769886,16259.500091029655,0.1,0.008613305403309462,2
Iceland,2020-03-16,2020-03-16,2020-03-31,2020-03-31,2,2,1.0864620103750002,NA,0.8701304583149974,0.008301860993667056,NA,0.014205405437643804,0,NA,234.9360655371632,469.48507155237894,23595.17062877597,0.1,0.005935453580419461,1
Iceland,2020-03-16,2020-03-16,2020-04-01,2020-04-01,2,2,1.0834022680868451,NA,0.8586374936310324,0.0081084268900896,NA,0.015567944146851588,0,NA,255.10801900734754,500.1932241964223,24862.569309321647,0.1,0.005632886860838982,1
Ireland,2020-03-12,2020-03-27,2020-03-17,2020-04-12,2,2,1.3426578472564834,1.1031705793500692,0.9433320066574796,0.17001835792550277,0.0057332632186732225,0.0025694773115453795,0,40.47334827618401,1467.5121252756232,1332.3280647464373,37760.33681389773,0.1,0.029408270959540628,2
Ireland,2020-03-12,2020-03-27,2020-03-18,2020-04-12,2,2,1.2910742467365237,1.1029519716809648,0.9433651101655247,0.13369197086298984,0.005898734211160239,0.002583959517986685,0,41.95126733738965,1466.7427669472386,1124.490901028265,40230.98429692498,0.1,0.027602263179812358,2
Ireland,2020-03-12,2020-03-27,2020-03-19,2020-04-13,2,2,1.3136113841045736,1.092830057446004,0.9403286584254119,0.0967126573133846,0.005200927584097227,0.0025551569630478128,0,64.46814738430237,1536.8691549281175,768.1531213061398,18088.71229279304,0.1,0.06139000933687563,4
Ireland,2020-03-12,2020-03-27,2020-03-20,2020-04-16,2,2,1.3490726181857227,1.0590160683307719,0.9299039226036369,0.062060743535495386,0.005033596175387352,0.003959160401920538,0,161.56149826920756,1781.53159070757,1544.4297038122597,65676.17954482544,0.1,0.01690820361724457,1
Ireland,2020-03-12,2020-03-27,2020-03-21,2020-04-16,2,2,1.3009343248773826,1.058597273848367,0.9300232037919466,0.0510140001911088,0.005103283574695571,0.003963968817313937,0,165.5162058528176,1778.7350628507265,1372.7078642678377,33781.85322763775,0.1,0.03287167844415718,2
Ireland,2020-03-12,2020-03-27,2020-03-21,2020-04-17,2,2,1.3285175225989638,1.0517619821841522,0.9275659806742355,0.05765141465375495,0.005440999860614373,0.004792601730849967,0,189.0240341033164,1837.229170141422,1033.536322958304,16862.866173054153,0.1,0.06585275629602516,4
Ireland,2020-03-12,2020-03-27,2020-03-22,2020-04-17,2,2,1.2981034405987326,1.051288979015187,0.9277169778096663,0.05057888148533649,0.00550644127691146,0.0047964613387345145,0,193.74935234308333,1833.6733803415482,1122.4979491190493,10650.191085599503,0.1,0.10426725751879908,6
Ireland,2020-03-12,2020-03-27,2020-03-22,2020-04-18,2,2,1.322459968943622,1.0448637020283096,0.9255429376926427,0.05941527664499413,0.006102271932979285,0.0060250229929036244,0,217.91306952852025,1886.0173549411425,1588.151333961369,41990.43806016076,0.1,0.026445692587336873,2
Ireland,2020-03-12,2020-03-27,2020-03-23,2020-04-18,2,2,1.293892768659926,1.044074377038886,0.9258124789480657,0.051765681823817133,0.006156487497134549,0.005991979172380878,0,226.33546280866213,1879.6367981183305,1160.233385069496,2970.790244138149,0.1,0.37379489135517113,22
Ireland,2020-03-12,2020-03-27,2020-03-24,2020-04-21,2,2,1.2927996611791757,1.0298161932315846,0.9207949911142639,0.05315641483356579,0.006955976282297017,0.00891015605589576,0,295.8564014410398,2002.2562569813456,1659.5873327522932,4247.191014594171,0.1,0.2614589767050374,16
Italy,2020-02-21,2020-03-10,2020-03-10,2020-03-23,2,2,1.2442806527421195,1.08006494900175,0.9680050422152031,0.03095044259491608,0.007279081957293413,0.002127740060052071,0,1506.1864347066694,8133.185202249478,5347.004150078755,104597.39739143384,0.1,0.013879755014731236,1
Italy,2020-02-21,2020-03-10,2020-03-10,2020-03-24,2,2,1.2498727442575206,1.071690341577001,0.9670650930446951,0.03484319372841456,0.0075368379871872115,0.0024302898193247907,0,1634.2889973857264,8322.667260310436,4156.995500087074,30421.9525940186,0.1,0.047721665678258675,4
Italy,2020-02-21,2020-03-10,2020-03-10,2020-03-25,2,2,1.2586163468959966,1.0626976252780953,0.96640606519933,0.03936337217404653,0.007827679080318327,0.0028395796298559166,0,1796.9665146793895,8458.031474688058,4317.174308598387,9789.20632358487,0.1,0.1483047964239798,12
Italy,2020-02-21,2020-03-10,2020-03-10,2020-03-26,2,2,1.2590324905348362,1.0574053122063671,0.9651428270509975,0.04441962491640272,0.008102269902645324,0.003225827895252272,0,1849.32447962872,8712.36170039604,4084.2448915090813,4905.627693531402,0.1,0.2959430151794695,23
Italy,2020-02-21,2020-03-10,2020-03-10,2020-03-27,2,2,1.2653001433017605,1.0496177243643068,0.9645615912532733,0.051151782619377605,0.008433672397820644,0.003898613736166523,0,1978.2391464943264,8832.827857779403,4850.144176562615,23572.09695878224,0.1,0.06158918544710544,5
Italy,2020-02-21,2020-03-10,2020-03-11,2020-03-23,2,2,1.2390489218849539,1.0778184601263476,0.9680256534198658,0.02767501230350231,0.007280601966504059,0.002075847187769169,0,1636.3279563880947,8129.254959396014,4360.338193340733,32744.43213474939,0.1,0.044336888940300474,3
Italy,2020-02-21,2020-03-10,2020-03-11,2020-03-24,2,2,1.2455876554941794,1.069234875677037,0.9670797004965205,0.030773808757911462,0.007475318743130015,0.0023456174789132462,0,1789.8043623641806,8320.278246129052,4172.262670865955,7594.279485997916,0.1,0.19116839900985283,15
Italy,2020-02-21,2020-03-10,2020-03-12,2020-03-26,2,2,1.2330747694822468,1.0517600054107688,0.9652460841147787,0.02963004832237932,0.007685138440658577,0.0027925970373383086,0,2259.54458985876,8694.969139382269,5063.725743347459,112030.67386021235,0.1,0.012958828157929977,1
Italy,2020-02-21,2020-03-10,2020-03-12,2020-03-27,2,2,1.240286686943302,1.043850555953727,0.9645539537109857,0.03317817732451448,0.007864797502418173,0.0032687127936601897,0,2447.987064392082,8838.420942532359,3871.1295073250244,16567.14934479534,0.1,0.08763041973951156,7
Italy,2020-02-21,2020-03-10,2020-03-12,2020-03-28,2,2,1.2468497852743459,1.0376828054917624,0.9637913591081388,0.035882447222609255,0.007907309819733794,0.0036721182533942733,0,2606.6389020505553,8998.101231341214,4290.775330841414,15049.55635127898,0.1,0.09646704640886043,8
Latvia,2020-03-13,2020-03-24,2020-03-19,2020-03-26,2,2,1.2687886878631005,1.070720347900613,0.9686919635724075,0.043672869551382894,0.02498320994561461,0.0031592344082304567,0,14.062852137336602,36.61112507387004,39.35753429458252,260.6795163709718,0.1,0.0324199599190923,1
Latvia,2020-03-13,2020-03-24,2020-03-19,2020-03-27,2,2,1.266873726294536,1.0621209660373108,0.9675881204415459,0.04165710313772472,0.02106944948734196,0.0032328911968712236,0,14.537445978262994,37.60346030362961,38.90939693572328,204.0282113852001,0.1,0.041421818164741844,1
Latvia,2020-03-13,2020-03-24,2020-03-19,2020-03-28,2,2,1.2699628174132496,1.0489955480154889,0.9661775931395999,0.04003273604205003,0.017275843691226787,0.003450759926964209,0,15.688676127241006,38.87770349248991,39.35676781186848,97.45041772431905,0.1,0.08672327599850033,3
Latvia,2020-03-13,2020-03-24,2020-03-19,2020-03-29,2,2,1.2746026644124275,1.0407291576539373,0.965408103619672,0.039796669772479275,0.015628874861617716,0.0036541090764053434,0,16.60501897985281,39.57794046030372,42.160313417420156,178.45251510826128,0.1,0.047358365710610424,1
Latvia,2020-03-13,2020-03-24,2020-03-20,2020-03-26,2,2,1.2403307826987082,1.0665989402811784,0.968738443143087,0.037639846915877934,0.02865387384654915,0.00322926422579667,0,14.940938447907556,36.568108315425775,36.93534773176635,58.31257047803586,0.1,0.14492963357975316,4
Latvia,2020-03-13,2020-03-24,2020-03-20,2020-03-27,2,2,1.2371340833839246,1.0585366278531914,0.9676657612017286,0.0359599700857888,0.023873014332893853,0.0033091036780755374,0,15.359381175643065,37.53187263859996,38.78485906677968,109.49458347994599,0.1,0.07718390448074645,2
Latvia,2020-03-13,2020-03-24,2020-03-20,2020-03-28,2,2,1.2381285663455541,1.0455271664394399,0.966328345514104,0.03456281838693338,0.019282663645962785,0.0035250590985791996,0,16.563720391925816,38.739390251019884,44.21331689137624,247.2263411196729,0.1,0.034184138446575786,1
Latvia,2020-03-13,2020-03-24,2020-03-20,2020-03-30,2,2,1.2545983679994281,1.021754291578639,0.9654431190301387,0.03424242152946912,0.014754138498081564,0.004022639225511114,0,20.024590572187854,39.5645674465175,43.02749346860964,46.82177270633564,0.1,0.18049763996508617,6
Latvia,2020-03-13,2020-03-24,2020-03-20,2020-03-31,2,2,1.2632535429150968,1.013488546647385,0.9655080920314545,0.03463981192947652,0.013530427712164013,0.0042757373209012135,0,21.47978967902321,39.52044061461315,43.39413064247048,64.2704051084585,0.1,0.13149472853350697,4
Latvia,2020-03-13,2020-03-24,2020-03-22,2020-04-09,2,2,1.2373621460321729,0.974504844153695,0.9708796204776117,0.023175655232749382,0.008336006558799932,0.005689649441430905,0,32.594305432931264,34.686059494031284,44.20823628696474,37.76464685361869,0.1,0.2237865352013865,7
Lithuania,2020-03-12,2020-03-16,2020-03-15,2020-03-25,2,2,2.0295854919200718,1.2622837442158503,0.959010214017192,1.2122112662467648,0.06731294455471867,0.00896329240541452,0,6.1384139816337715,69.52258179315335,150.34266480100024,1487.6429403093969,0.1,0.01419305931702295,1
Lithuania,2020-03-12,2020-03-16,2020-03-23,2020-03-25,2,2,1.3272721401449226,1.2139163837445874,0.9590490246309958,0.12416897404484106,0.3019292131083518,0.009353915301402943,0,16.20987316524794,69.47715121998857,131.53231955088827,236.39506311486068,0.1,0.0893174511182691,6
Lithuania,2020-03-12,2020-03-16,2020-03-23,2020-03-26,2,2,1.337464135072607,1.0844616087313483,0.9579749505589054,0.10968882847923946,0.1409005084011787,0.009671209694591114,0,36.179361266799994,70.83670560604939,133.580815969615,118.90836627635174,0.1,0.17756702203182867,13
Lithuania,2020-03-12,2020-03-16,2020-03-23,2020-03-27,2,2,1.323960302221232,1.0851218467877795,0.956570033338776,0.1062031080271884,0.11668093662788374,0.00981135228667327,0,34.15389912698372,72.59089134823577,128.44026151197443,82.20096245290571,0.1,0.2568607941355721,18
Lithuania,2020-03-12,2020-03-16,2020-03-23,2020-03-28,2,2,1.3140435259710637,1.0669268064962028,0.9540640692511202,0.09842701981401043,0.08149653622130715,0.010219649539288103,0,35.3376908849051,75.74255081864472,144.1897119609292,260.514442596701,0.1,0.08104811496784588,6
Lithuania,2020-03-12,2020-03-16,2020-03-23,2020-03-29,2,2,1.3080874178387554,1.060249927385365,0.9522943057935332,0.0941165921834919,0.06796446407342785,0.010482951374275474,0,35.44076113483483,77.9752760420165,143.6982993924011,308.7550570748597,0.1,0.06838496734076951,5
Lithuania,2020-03-12,2020-03-16,2020-03-23,2020-03-30,2,2,1.3144517964136795,1.0397137216830725,0.9504435575614988,0.0868482215625742,0.05085228330761566,0.010978571937147892,0,39.28754468647682,80.35182018240073,147.58354833479746,342.9365660570277,0.1,0.06156883395995333,4
Lithuania,2020-03-12,2020-03-16,2020-03-23,2020-03-31,2,2,1.3127014467197138,1.0358636168477466,0.9489474231085759,0.08403129741177112,0.045389692090491623,0.01122716374617187,0,39.58780967169132,82.26366079762408,140.0688167486019,273.7205050652809,0.1,0.07713782527664881,5
Lithuania,2020-03-12,2020-03-16,2020-03-23,2020-04-01,2,2,1.3089529025675297,1.0322414215516749,0.9462134295731682,0.08052998856134352,0.03927015918272296,0.011708852101445223,0,39.56974178526723,85.76677347772528,147.10503945023729,381.8213092096236,0.1,0.055298654069539634,4
Lithuania,2020-03-12,2020-03-16,2020-03-24,2020-03-24,2,2,1.3380561115067608,NA,0.960603749528969,0.04668317454960872,NA,0.0087425728901302,0,NA,67.56397279402476,136.165457981989,177.99377060770848,0.1,0.1186232777825501,8
Luxembourg,2020-03-09,2020-03-16,2020-03-21,2020-03-24,2,2,1.3593385316714874,1.030909119840366,0.9423457410168136,0.035547343146157935,0.04912730217604778,0.004822247083374291,0,158.95983532626292,236.45279179687122,137.17496095734649,2025.47178860338,0.1,0.00880597736847263,1
Luxembourg,2020-03-09,2020-03-16,2020-03-21,2020-03-31,2,2,1.3602073179777703,0.9804686039512119,0.9272062767152435,0.018674689829504987,0.007445344588668093,0.005107877487312692,0,183.7935375888543,289.67904413395956,127.28804867354418,2826.5980040363906,0.1,0.006310150472564867,1
Luxembourg,2020-03-09,2020-03-16,2020-03-21,2020-04-01,2,2,1.3619241609917119,0.9774080427893309,0.9231691559668611,0.017878436479409003,0.006533880252735384,0.005549700370065235,0,186.1058012099524,304.23809670929154,144.86108505391516,2838.5045501669038,0.1,0.0062836815709428305,1
Luxembourg,2020-03-09,2020-03-16,2020-03-21,2020-04-07,2,2,1.3798046247604872,0.962308246989141,0.913347730199125,0.020417176285990702,0.005644801281793527,0.010051570763063572,0,202.0682468413316,341.26299607534713,145.5772165075847,498.4739882406497,0.1,0.0357817241254127,6
Luxembourg,2020-03-09,2020-03-16,2020-03-21,2020-04-08,2,2,1.3852674681916743,0.9590660747742862,0.9130521802878147,0.021387387890871294,0.005623437285739857,0.011789403584021882,0,206.2814744140159,342.94274103883606,143.3613897002633,214.76768164088216,0.1,0.08304908166185612,13
Luxembourg,2020-03-09,2020-03-16,2020-03-21,2020-04-09,2,2,1.387921791764829,0.9575488749197156,0.9129845736196608,0.021864433971573297,0.005593832086969622,0.012837434658235475,0,208.30049175303486,343.5085818974013,142.3615004975463,106.32965165632534,0.1,0.16774491830906038,27
Luxembourg,2020-03-09,2020-03-16,2020-03-21,2020-04-10,2,2,1.390736251426562,0.9558609791076973,0.912822698313569,0.022501195562884175,0.0055613909595761445,0.014432565459471037,0,210.47963180233052,344.54387647603994,143.79565769027798,63.767335385724074,0.1,0.2797083902444862,45
Luxembourg,2020-03-09,2020-03-16,2020-03-21,2020-04-11,2,2,1.395453519143905,0.9531716798996339,0.9152842005777384,0.02331782158874577,0.005451149273673685,0.016922853595525384,0,214.0644101942273,336.17575604869637,137.46574628173818,91.30943187514605,0.1,0.1953386234546935,31
Luxembourg,2020-03-09,2020-03-16,2020-03-21,2020-04-12,2,2,1.3971227295843782,0.9521850932922041,0.9163877110474284,0.02363499089204199,0.005384150859963068,0.01815338666350775,0,215.3498159654122,332.40725590582895,136.926626897672,146.3229071343247,0.1,0.12189655796373307,20
Luxembourg,2020-03-09,2020-03-16,2020-03-21,2020-04-13,2,2,1.3973977218565523,0.9520147451209677,0.9164334220040117,0.023690108515771784,0.005367812064934997,0.018461507740480616,0,215.56536074002292,332.3076818867555,139.6026146820862,187.5903541194139,0.1,0.0950808948287776,15
Moldova,2020-03-10,2020-03-11,2020-03-15,2020-04-05,2,2,1.6801731831540498,1.1419929831280597,1.0046438262859492,0.8246768950328449,0.021070566654444404,0.003690411720098314,0,6.458162400311881,109.7447283455789,113.40617970873286,349.98419098437444,0.1,0.14017944373861108,22
Moldova,2020-03-10,2020-03-11,2020-03-15,2020-04-06,2,2,1.9446210625401683,1.1219907530083122,1.0042118222147731,0.8313129564898533,0.018715528303615368,0.00394841230979328,0,9.871563714382273,111.63255991999988,286.20928449558824,3689.0854675790056,0.1,0.013298848628111041,2
Moldova,2020-03-10,2020-03-11,2020-03-16,2020-04-05,2,2,1.4219902540749165,1.142038685835845,1.0046382692247846,0.4375491872508543,0.021532413996889578,0.0036932589467899225,0,6.438886069498647,109.76399936101595,96.53257630985345,70.85139020890682,0.1,0.6924435648311381,110
Moldova,2020-03-10,2020-03-11,2020-03-16,2020-04-06,2,2,1.5589728599553294,1.1217406888358892,1.0042199148662487,0.4409078875270018,0.01907611101208032,0.003947474832844189,0,10.056339935747122,111.59428864551653,144.0029697786143,657.92591564852,0.1,0.07456856166113814,12
Moldova,2020-03-10,2020-03-11,2020-03-16,2020-04-07,2,2,1.6578019960094763,1.1083582216805992,1.0037462226472431,0.4437587323245546,0.01735059319768291,0.004175248238480256,0,12.637206809564173,113.58778587675275,208.64133417017456,1602.7599544436525,0.1,0.030610066762322665,5
Moldova,2020-03-10,2020-03-11,2020-03-16,2020-04-08,2,2,1.739010106074589,1.0985053161828808,1.003422420475253,0.45371744514161344,0.016321518728978076,0.004440935232274886,0,14.731610167509288,115.13914803476429,260.55553784406027,2310.8655573484602,0.1,0.021230395274829693,3
Moldova,2020-03-10,2020-03-11,2020-03-17,2020-04-05,2,2,1.4219902540749165,1.142038685835845,1.0046382692247846,0.4375491872508543,0.021532413996889578,0.0036932589467899225,0,6.438886069498647,109.76399936101595,399.7287292878501,7792.760430820585,0.1,0.006295662447861407,1
Moldova,2020-03-10,2020-03-11,2020-03-23,2020-04-05,2,2,1.2350775929665114,1.1377679079595477,1.004791129949382,0.12567318770952907,0.026060778934194558,0.003728193833518554,0,9.147110390654582,109.14564745429938,406.419904634139,7672.304391488064,0.1,0.006394505054299861,1
Moldova,2020-03-10,2020-03-11,2020-03-27,2020-04-05,2,2,1.2072755816004601,1.1311973890881364,1.0049802706387774,0.0751968575614791,0.031968157180412626,0.003760083600676887,0,13.46584007468131,108.38111314859933,362.5534010403315,6385.450086938855,0.1,0.007683184198690804,1
Moldova,2020-03-10,2020-03-11,2020-03-29,2020-04-05,2,2,1.1999963484181306,1.1257642833787858,1.005105635929238,0.06157160777010214,0.03675110138760452,0.003783850147779314,0,17.147607024088668,107.88290990614844,381.32799173831546,6724.52759244254,0.1,0.007295767402997188,1
Monaco,2020-01-24,NA,2020-03-17,NA,1,0,NA,0.9658729157438979,NA,NA,0.012902296623126832,NA,0,3.8372479446139747,NA,120.14809704700716,3555.6727242593292,1,1,1
Netherlands,2020-03-06,2020-03-16,2020-03-21,2020-04-05,2,2,1.2280793129575869,1.040949155169015,0.9641446789331491,0.03731822743330093,0.011289373029486863,0.004426856413835469,0,560.2676924189834,1837.2957187927273,1802.5725944770256,13026.256073386685,0.1,0.03195813817061046,5
Netherlands,2020-03-06,2020-03-16,2020-03-21,2020-04-06,2,2,1.233822202175563,1.0351257273980445,0.9631579634082823,0.03546936485457666,0.009912358576690436,0.004472985101621755,0,594.8972454838901,1879.5938004651366,2204.4191496981803,37878.099853188585,0.1,0.010990384761974841,2
Netherlands,2020-03-06,2020-03-16,2020-03-22,2020-04-06,2,2,1.2071127130841734,1.0326449427468845,0.9633951470813875,0.028815348677977057,0.009983063249295786,0.004329710308939635,0,633.492474094697,1869.6705765194815,2234.203607056145,62608.655279947234,0.1,0.006649158803645146,1
Netherlands,2020-03-06,2020-03-16,2020-03-22,2020-04-07,2,2,1.2098655449543123,1.0296312456833216,0.9620670780426164,0.02661560210914293,0.00879799092615466,0.0041666805990486855,0,654.4307406529674,1924.8397848011489,1764.4354034726746,38852.24173565326,0.1,0.010714822950795833,2
Netherlands,2020-03-06,2020-03-16,2020-03-22,2020-04-08,2,2,1.2089501223634214,1.0288616924618024,0.9603781579328559,0.02517898734898289,0.00794994564492761,0.0040110303946929195,0,653.9010889727791,1994.8086950495506,1707.1584222886158,40126.56915394283,0.1,0.01037454485186507,2
Netherlands,2020-03-06,2020-03-16,2020-03-22,2020-04-09,2,2,1.2088755942142981,1.0275147611671702,0.9583230685770242,0.02349635179417189,0.007066631062044737,0.00385935804192644,0,658.5211847941221,2080.3412758290315,1666.4781804646695,39264.48806417999,0.1,0.010602325713723508,2
Netherlands,2020-03-06,2020-03-16,2020-03-22,2020-04-10,2,2,1.2101222932634828,1.0253023012099536,0.9559289982638194,0.02180120779040931,0.006197161376197644,0.0037564998520356703,0,671.0813911463645,2180.7832098601352,1617.8498606367361,34122.52571234508,0.1,0.012200002278507633,2
Netherlands,2020-03-06,2020-03-16,2020-03-22,2020-04-11,2,2,1.2130000463858956,1.0223795620806408,0.9535250983233214,0.0204286359589606,0.005477576045853262,0.0037443855438806677,0,692.1429785123803,2282.4745279151884,1497.0625689362223,22020.272606875784,0.1,0.01890507437719268,3
Netherlands,2020-03-06,2020-03-16,2020-03-22,2020-04-12,2,2,1.219125980899995,1.0185399862166709,0.9516955732874858,0.01893743368774181,0.004829945199225314,0.003740379499082133,0,728.3277466951499,2360.2003995353434,1222.5801901902116,2904.024532115225,0.1,0.14335102435785058,22
Netherlands,2020-03-06,2020-03-16,2020-03-22,2020-04-13,2,2,1.2224993711332628,1.0158173553779455,0.9499728278056999,0.019293900729518407,0.00466623417474302,0.004047556641481839,0,750.4623992075569,2435.2263261986036,1252.8418151767846,559.3447915513426,0.1,0.7442545237338343,112
Norway,2020-03-10,2020-03-19,2020-03-17,2020-03-25,2,1,NA,1.1145183559443699,0.9460416854272516,NA,0.014511119059648055,0.0026698937375148188,0,-23.607493624260126,458.7412140662492,78.19333918101154,269.034022560011,0.1,0.01816960961836423,1
Norway,2020-03-10,2020-03-19,2020-03-20,2020-03-26,2,2,1.1026687470314283,1.0900048470293195,0.9442730178436977,0.008219192451687582,0.014369447054000414,0.00270518551821755,0,22.111169403682112,471.54813061213986,79.56243581632157,34.0010422075281,0.1,0.14376745083688344,8
Norway,2020-03-10,2020-03-19,2020-03-21,2020-03-26,2,2,1.102897676543234,1.0871919711857743,0.9444459059733624,0.007420651556453169,0.016239015147996,0.0027249291774565448,0,30.060720054177665,470.2895851692559,77.70107511605923,26.70032050878424,0.1,0.1830780706308523,10
Norway,2020-03-10,2020-03-19,2020-03-22,2020-03-26,2,2,1.1028251110320821,1.0833726551857576,0.9445989164621948,0.006726384397585819,0.019653429571728477,0.0027626914619067666,0,41.20030148251519,469.17851170598306,76.22146960114331,22.33821204204751,0.1,0.21882875651696707,12
Norway,2020-03-10,2020-03-19,2020-03-23,2020-03-26,2,2,1.1011948475725055,1.0827833014505632,0.944385468367454,0.006074183460218905,0.027500119130226108,0.0028381340303510016,0,43.911537500832196,470.73045472914146,77.54676138388014,23.75186215080062,0.1,0.20580462840926453,12
Norway,2020-03-10,2020-03-19,2020-03-25,2020-03-25,2,2,1.1050786211383554,NA,0.9468201474760874,0.0033720944764771155,NA,0.0024360238780119585,0,NA,453.0940100950734,74.82204502650525,116.00219455448301,0.1,0.04213923006152891,2
Norway,2020-03-10,2020-03-19,2020-03-25,2020-03-31,2,2,1.1026466034867408,0.9558148980307871,0.9442795481239109,0.004510046863936222,0.011419820468927337,0.0039913054300945465,0,420.3791727203954,471.6538030564601,80.20509408002144,83.58907710556922,0.1,0.058479448909334965,3
Norway,2020-03-10,2020-03-19,2020-03-25,2020-04-04,2,2,1.1041319582580786,0.9492501736781083,0.9451347433077115,0.004225389726165858,0.006947397679886977,0.005135351955144087,0,443.4265492524553,465.52641034148587,80.11296979945496,109.93449371163159,0.1,0.04446505367820142,2
Norway,2020-03-10,2020-03-19,2020-03-25,2020-04-05,2,2,1.104681268078551,0.9477822015804661,0.9460341913306287,0.004160351521540395,0.006362065143346597,0.005382293924876332,0,449.2020273840169,458.90348427061423,77.24055916440501,113.50044116105771,0.1,0.043068054308592105,2
Norway,2020-03-10,2020-03-19,2020-03-25,2020-04-06,2,2,1.1050477909992782,0.9468870757557469,0.9467597760850789,0.004109445483039492,0.005969807314301944,0.005597351948605373,0,452.8141277422298,453.5380809693195,75.00781468133012,115.83597769664642,0.1,0.042199697030011044,2
Poland,2020-03-10,2020-03-14,2020-03-14,2020-04-02,2,2,1.5169636885814817,1.1335367210414085,0.9961106090504638,0.26476045611831367,0.011056393041761764,0.0024292927957459327,0,26.073033792724992,377.0593238175973,81.77239427493889,139.95444675205226,0.1,0.17055752074449257,4
Poland,2020-03-10,2020-03-14,2020-03-15,2020-04-04,2,2,1.5746331853545055,1.1004413496108967,0.9928802270551701,0.15882558771971106,0.007882959044319541,0.002536323121258893,0,48.84175908159169,412.721036687615,69.22948952654701,248.22929868356474,0.1,0.09616223218527582,2
Poland,2020-03-10,2020-03-14,2020-03-26,2020-04-03,2,2,1.1675910560606746,1.1059643066796325,0.9946774803072718,0.022559354038666893,0.017023894025352718,0.0025965356123615973,0,64.76971359947517,392.62070409245,75.29638291879128,235.28514325374547,0.1,0.10145257420462798,2
Poland,2020-03-10,2020-03-14,2020-03-26,2020-04-04,2,2,1.177082226366914,1.0835848826689098,0.9938633412768539,0.021025466490190138,0.013215977997214917,0.0026471301597944903,0,98.26570822660231,401.7936827559274,74.46326733402502,489.5476568178254,0.1,0.04875987684296066,1
Poland,2020-03-10,2020-03-14,2020-03-27,2020-04-03,2,2,1.1606193525070907,1.105072245340853,0.9946211016183257,0.020319605386766318,0.019336697937495897,0.0026623717052378093,0,67.82301784997614,393.2120872565416,79.64644047206359,474.3987043921596,0.1,0.050316923790468183,1
Poland,2020-03-10,2020-03-14,2020-03-27,2020-04-04,2,2,1.168537835156676,1.0808298439234418,0.9939241160943285,0.018952801094084683,0.014756236863529563,0.002715780407623795,0,107.09145729577874,401.0935345416692,60.3343342857111,145.85792188995424,0.1,0.16365435038356438,4
Poland,2020-03-10,2020-03-14,2020-03-27,2020-04-05,2,2,1.1707879629165199,1.0727767225177072,0.9933107528918507,0.018816302790258164,0.013335059406462749,0.0028237410465112595,0,119.67172452695051,407.89479635993183,68.92120679392747,238.99334669798378,0.1,0.09987844341692928,2
Poland,2020-03-10,2020-03-14,2020-03-28,2020-04-04,2,2,1.1622390204429283,1.0775781310923818,0.9939823144079576,0.017449092219661802,0.01655730009314512,0.002795073256711591,0,117.59397530790905,400.3986231513157,78.2538322041371,524.0515743662029,0.1,0.04554949287971565,1
Poland,2020-03-10,2020-03-14,2020-03-28,2020-04-05,2,2,1.1637723273334604,1.0694685839928584,0.993393743881468,0.017293983792145314,0.014810326670017252,0.002902712313599585,0,130.987899500096,406.9113445841093,68.40585569016378,253.7664059713971,0.1,0.09406400096113447,2
Poland,2020-03-10,2020-03-14,2020-03-28,2020-04-06,2,2,1.1696791642222837,1.0548321436667538,0.9927770290951997,0.017179966297891505,0.012427169890638934,0.003148330014291997,0,159.52251155163083,414.0725915241458,74.99316783923531,184.17777064412468,0.1,0.12960458459083105,3
Portugal,2020-03-09,2020-03-19,2020-03-17,2020-03-28,2,2,1.368357738188277,1.2018149460977776,0.9716190540355143,0.21502191064566573,0.025505483128373033,0.003610171346999496,0,55.1256641819553,1037.6017315036952,772.0774454532433,2642.67550049762,0.1,0.03689934239375682,1
Portugal,2020-03-09,2020-03-19,2020-03-19,2020-03-28,2,2,1.332909804176485,1.2007405216849685,0.9716469578591075,0.16662940008932836,0.027084818843075474,0.003624442552905188,0,59.211838556199424,1036.9831689649743,706.3719540759358,933.3968280713731,0.1,0.10447109438966073,4
Portugal,2020-03-09,2020-03-19,2020-03-21,2020-03-31,2,2,1.3363307963634548,1.1060118890625568,0.9679178367392051,0.07041999898990105,0.01844403750744965,0.0037549134106602904,0,234.9252854469159,1119.8319727349538,594.7298629675618,1517.0281519235612,0.1,0.06427895751625297,3
Portugal,2020-03-09,2020-03-19,2020-03-22,2020-04-02,2,2,1.3381801113598928,1.066838259054308,0.964830344314574,0.05171889581886761,0.013515825182942219,0.004000463328392375,0,347.3175709511486,1188.984875468692,581.2110130824535,259.1904639318522,0.1,0.37622135725677397,15
Portugal,2020-03-09,2020-03-19,2020-03-23,2020-04-04,2,2,1.3256655228520107,1.041575869821162,0.9630318785346116,0.041408261997370556,0.011504223229424614,0.004517568922581286,0,454.54344484935785,1231.0293427081947,676.9738452509403,2412.3447375930104,0.1,0.040422492941763734,2
Portugal,2020-03-09,2020-03-19,2020-03-23,2020-04-05,2,2,1.3333216284789151,1.0359727164882817,0.9620819802753685,0.04090597281836751,0.010636558329775676,0.0047324611852018,0,475.7582591850133,1253.384367089712,616.8892703171714,872.9037537042526,0.1,0.11171104227086713,4
Portugal,2020-03-09,2020-03-19,2020-03-24,2020-04-11,2,2,1.3209848044806587,1.006092841759928,0.9532650925235774,0.02885820168294927,0.00677791875462493,0.0069387267108134655,0,648.6774432047051,1466.02837938952,875.630888385491,3783.247677840001,0.1,0.02577494164593744,1
Portugal,2020-03-09,2020-03-19,2020-03-24,2020-04-12,2,2,1.3255637860794565,1.003899463202807,0.9526795080677114,0.02915840751779271,0.006598291665359427,0.007404200563071558,0,662.6285051258976,1481.481927870672,751.26266354642,633.6958557810199,0.1,0.15387979460315576,6
Portugal,2020-03-09,2020-03-19,2020-03-24,2020-04-13,2,2,1.3304905025415101,1.0016267471874605,0.9518909019802905,0.029625032291754953,0.006435415570593908,0.008036749456671967,0,677.4593360293424,1502.3283287902575,779.2264262074698,1614.8251290303588,0.1,0.06038609777332806,2
Portugal,2020-03-09,2020-03-19,2020-03-24,2020-04-14,2,2,1.3324990342424332,1.0006610679008874,0.9510118158564109,0.0297376864558667,0.00631856923799648,0.00840519264707382,0,683.5862106635841,1524.3466447847477,870.6602122869242,3757.019531668899,0.1,0.025954879208503416,1
Romania,2020-03-08,2020-03-12,2020-03-11,2020-03-31,2,1,NA,1.1657417298098554,0.9898783302208035,NA,0.017405060127982826,0.0018152234053868052,0,20.400531695535932,391.29644142884644,562.2810625600366,4536.169302048969,0.1,0.031705295420308824,1
Romania,2020-03-08,2020-03-12,2020-03-12,2020-04-04,2,2,1.9599099323545006,1.1116254925184452,0.9872080461067773,0.46879577884389656,0.009824765022235558,0.0016900924286756443,0,38.17279979262249,434.19353172096174,576.282161428883,5774.841208298133,0.1,0.024904682676180998,1
Romania,2020-03-08,2020-03-12,2020-03-30,2020-04-03,2,2,1.1556682816474835,1.1119605041596567,0.9882007297002808,0.022229983037994436,0.050579085638061,0.0018365339548370027,0,79.32961614040542,418.18387861017675,429.63031589759146,556.8814280127681,0.1,0.2582607006867199,11
Romania,2020-03-08,2020-03-12,2020-03-30,2020-04-04,2,2,1.1565356613911857,1.0747384103432875,0.9877558379150457,0.019932997345155443,0.031273696466965345,0.0018104244650241953,0,148.46201065193532,425.32753869102856,427.10364283477793,2619.2779172346613,0.1,0.054908487126039386,2
Romania,2020-03-08,2020-03-12,2020-03-30,2020-04-05,2,2,1.160094278719455,1.0515821046598375,0.9875789844673175,0.018480679997917016,0.022368437058300678,0.0018046083750939048,0,196.94959591820586,428.19286917378025,392.28967976224504,1708.2798314090664,0.1,0.08419029783859763,3
Romania,2020-03-08,2020-03-12,2020-03-30,2020-04-06,2,2,1.159935906970502,1.0452722769421998,0.9873501088168278,0.017809854665235086,0.019050197232805096,0.0018043218846443365,0,208.11448850136824,431.9257461378061,364.7788102635175,1265.5333216811684,0.1,0.1136442520588423,5
Romania,2020-03-08,2020-03-12,2020-03-30,2020-04-07,2,2,1.1582637600732661,1.0433317633487147,0.9870402505212387,0.017284071371725135,0.01700936725597912,0.0017994637214065845,0,208.6015740550609,436.9762415961312,351.5455380432462,1366.3721162128263,0.1,0.10525726197972056,4
Romania,2020-03-08,2020-03-12,2020-03-30,2020-04-08,2,2,1.157214960056447,1.038570304346349,0.98653848349716,0.016355312580859583,0.01411433576985472,0.0017890432067438479,0,215.34005011382786,445.1646028046954,367.91404846687584,2701.785325387149,0.1,0.0532316858954699,2
Romania,2020-03-08,2020-03-12,2020-03-30,2020-04-09,2,2,1.156704113309456,1.0346679459179053,0.9860644541872192,0.015515774417440408,0.012018774529771249,0.0017760190865423126,0,221.4956438156644,452.8968679454605,379.3057100370602,3597.01661385306,0.1,0.039983298171075335,2
Romania,2020-03-08,2020-03-12,2020-04-02,2020-04-02,2,2,1.1556378826714346,NA,0.9886646887052185,0.008545771478184114,NA,0.0017589680615769379,0,NA,410.7540571568916,465.88556212418257,614.8437645610172,0.1,0.2339140381470452,10
San Marino,2020-02-29,2020-03-15,2020-03-05,2020-04-10,2,2,1.3912962109929217,1.0228524082852735,0.9667585046486545,0.18913405125614993,0.014689980556407967,0.011742778050819492,0,5.89510084332237,24.574370754316494,90.70493845115209,309.88640626777175,0.1,0.043201510195752385,1
San Marino,2020-02-29,2020-03-15,2020-03-05,2020-04-11,2,2,1.3988203371428818,1.0214055978160337,0.9658351663088927,0.1857355669535087,0.014019068188532812,0.012000696366859418,0,6.0386358292295705,25.154864267686087,87.71205644457574,359.3680048320618,0.1,0.037253068052506284,1
San Marino,2020-02-29,2020-03-15,2020-03-05,2020-04-12,2,2,1.402774603302655,1.020407084420638,0.9643204527725264,0.18248696011440327,0.013363479411567422,0.012344926349362424,0,6.117880302112267,26.084721168840034,84.39588151692743,400.76391028367374,0.1,0.03340510559053597,1
San Marino,2020-02-29,2020-03-15,2020-03-06,2020-04-10,2,2,1.3125048018686802,1.0220588207494166,0.966967051690508,0.1446658656110537,0.014926385433106348,0.011732018845911001,0,6.0993656035045385,24.44492470012107,88.97556368011715,92.86710847908587,0.1,0.1441582596804675,4
San Marino,2020-02-29,2020-03-15,2020-03-06,2020-04-11,2,2,1.3180601090300355,1.0206260535341425,0.9660513666631199,0.1420347878272397,0.014233577849994135,0.01198749215083297,0,6.246115165413751,25.019807449045565,84.63464658010791,76.33082146307275,0.1,0.1753886632332239,5
San Marino,2020-02-29,2020-03-15,2020-03-06,2020-04-12,2,2,1.320837748586074,1.0196538271961841,0.9645457289119951,0.1395249613671999,0.013558328473262028,0.012328749945087565,0,6.324862349187686,25.943345338359023,80.02563933432477,65.23602186617097,0.1,0.20521730720132259,6
San Marino,2020-02-29,2020-03-15,2020-03-14,2020-04-12,2,2,1.1079629840791354,1.0158816414092757,0.9655855441383766,0.03999565688311646,0.017506402651520262,0.013052995836149123,0,7.36650741358879,25.271918042028837,89.2174014204807,167.12763872235058,0.1,0.08010381072961237,2
San Marino,2020-02-29,2020-03-15,2020-03-16,2020-04-11,2,2,1.0886898818188897,1.017055604994087,0.9667979733356578,0.03286549504300646,0.020400819364512747,0.013034692343653537,0,7.2350619593050585,24.523687249804762,92.91359484314836,137.01870072380004,0.1,0.09770608441900659,3
San Marino,2020-02-29,2020-03-15,2020-03-16,2020-04-12,2,2,1.0889222267173972,1.016005197687231,0.9653909214665376,0.03223672827207854,0.019172540080631514,0.013386729647643559,0,7.364619932046792,25.38330226661365,88.51242406619859,134.10991401396396,0.1,0.09982528762570268,3
San Marino,2020-02-29,2020-03-15,2020-03-17,2020-04-12,2,2,1.0830604708708191,1.0164088701569745,0.9652207110066459,0.02977258956533941,0.01970705484741772,0.013477296158019422,0,7.265024477809056,25.488009135326045,89.83990843841443,159.86883609839632,0.1,0.08374090327186977,3
Serbia,2020-03-15,2020-03-15,2020-03-30,2020-03-30,2,2,1.2903819253310633,NA,0.9902124191868275,0.11443220174438613,NA,0.01030587999006357,0,NA,222.42560405287873,19395.340328292077,515175.53905394254,0.1,0.0019759795924167494,1
Serbia,2020-03-15,2020-03-15,2020-04-04,2020-04-04,2,2,1.219174114311683,NA,0.97608293032023,0.029555626667168235,NA,0.006353613009379366,0,NA,358.8025875713848,7679.948461308888,208013.1247174166,0.1,0.0048938082780391745,2
Serbia,2020-03-15,2020-03-15,2020-04-05,2020-04-05,2,2,1.2064462768166686,NA,0.9740987768738046,0.024921243468862708,NA,0.0060152395218799155,0,NA,377.33233990721106,5799.01532208514,148832.11247703512,0.1,0.0068397628357251385,3
Serbia,2020-03-15,2020-03-15,2020-04-06,2020-04-06,2,2,1.1852275307371647,NA,0.970672441631594,0.018743373777703888,NA,0.005509317115976943,0,NA,409.3711100134289,1825.2931155840743,29998.486763929403,0.1,0.03393425674080725,17
Serbia,2020-03-15,2020-03-15,2020-04-07,2020-04-07,2,2,1.1653355022977439,NA,0.9680856161499286,0.01446660049136439,NA,0.0050780655134054515,0,NA,433.9497495251938,673.1262976888207,1221.920491927341,0.1,0.833095408750556,422
Serbia,2020-03-15,2020-03-15,2020-04-08,2020-04-08,2,2,1.1518971114243786,NA,0.9658200099644285,0.011932369495559758,NA,0.004807163145431763,0,NA,455.33066727249803,964.6860264349401,18077.0212453963,0.1,0.056313279597551946,29
Serbia,2020-03-15,2020-03-15,2020-04-09,2020-04-09,2,2,1.142378238103618,NA,0.9635324705153281,0.010110794852842279,NA,0.004570803871008212,0,NA,476.80281639038117,1452.7630139074488,40006.251506773595,0.1,0.025445431984811962,13
Serbia,2020-03-15,2020-03-15,2020-04-10,2020-04-10,2,2,1.1352735183747225,NA,0.9611343493660962,0.00863518972676594,NA,0.0043187187490582165,0,NA,499.2569975477312,1859.7753582853304,58274.0574304174,0.1,0.01746877421223692,9
Serbia,2020-03-15,2020-03-15,2020-04-11,2020-04-11,2,2,1.127786440314782,NA,0.9582481822919252,0.007201215890169369,NA,0.00403298861724486,0,NA,526.4162911609703,2557.2914531325346,86549.10826749208,0.1,0.011761835240828718,6
Serbia,2020-03-15,2020-03-15,2020-04-12,2020-04-12,2,2,1.1204846483811526,NA,0.9546135727626424,0.005783332643829397,NA,0.003672743006853366,0,NA,560.6442355905644,3525.0004949067397,123070.8981416218,0.1,0.008271462767026116,4
Slovak Republic,2020-03-06,2020-03-16,2020-03-11,2020-04-08,2,1,NA,1.080807243773903,0.9518284021035549,NA,0.025949653562723857,0.015050715862235092,0,5.019004263656115,79.95571127412833,266.8005461804129,273.111561149537,0.1,0.17855563895155585,4
Slovak Republic,2020-03-06,2020-03-16,2020-03-22,2020-04-09,2,2,1.1068290951739166,1.0618599877770685,0.9478846587273124,0.051555884918045046,0.0295407594648947,0.016890593690711372,0,8.004501116638998,85.73567552857253,254.7890290167808,389.3858889752717,0.1,0.12523722786782704,3
Slovak Republic,2020-03-06,2020-03-16,2020-03-22,2020-04-10,2,2,1.1089032937658645,1.0582616620045189,0.946909198666446,0.05078184469288934,0.028147049611761933,0.017144002120606548,0,9.014210453519503,87.07228725350859,253.64715839353005,490.27043404253504,0.1,0.09946675532524908,2
Slovak Republic,2020-03-06,2020-03-16,2020-03-22,2020-04-11,2,2,1.1092726242579214,1.0568044137890253,0.945545937231574,0.05019576036443,0.027190295426694877,0.01735473363298165,0,9.33934146346348,88.88915220204129,258.7634040339668,677.9771460557758,0.1,0.07192810198664226,1
Slovak Republic,2020-03-06,2020-03-16,2020-03-22,2020-04-12,2,2,1.108762834971753,1.0563377758054675,0.9437173761086302,0.049374437603064605,0.026261035099632065,0.017500673043521865,0,9.331660531598848,91.31931151089644,270.03615841261455,941.1229495166378,0.1,0.05181640648669612,1
Slovak Republic,2020-03-06,2020-03-16,2020-03-23,2020-04-09,2,2,1.1047079791507453,1.062138677601941,0.9477913678100655,0.049501910276556114,0.029880244193002694,0.016925704792606334,0,7.8753207865288015,85.86018606458794,263.10661835711187,520.8940414821225,0.1,0.0936190576635463,2
Slovak Republic,2020-03-06,2020-03-16,2020-03-23,2020-04-10,2,2,1.1066784332735795,1.0584726687060926,0.9468277025475369,0.04877150655729926,0.02846176428437233,0.017180046183419943,0,8.918066444985097,87.18118772213259,265.42254872392994,683.7097446843194,0.1,0.07132501720979335,1
Slovak Republic,2020-03-06,2020-03-16,2020-03-29,2020-04-09,2,2,1.0930630849295515,1.0587710474011813,0.9480094146275613,0.033842267487770805,0.03994217180393223,0.017697943264102744,0,10.013274958284118,85.55270850989294,273.0845209533839,562.6451404573215,0.1,0.08667205277286409,2
Slovak Republic,2020-03-06,2020-03-16,2020-04-02,2020-04-09,2,2,1.0882448207452715,1.0511669287338896,0.9485347195650873,0.02603220256291567,0.05706495817540927,0.018582810884721426,0,14.831156804552716,84.82632345767593,272.4607055479009,446.3396802656111,0.1,0.1092567196290787,2
Slovak Republic,2020-03-06,2020-03-16,2020-04-03,2020-04-09,2,2,1.0872262357556306,1.0489638837077155,0.948581887361532,0.024522471100379716,0.06269165006587364,0.018755460249020462,0,16.299761972411872,84.76028348050895,272.5835935505731,434.92949431638624,0.1,0.11212302210674707,2
Slovenia,2020-03-14,2020-03-19,2020-03-27,2020-04-09,2,2,1.0913772146835767,0.9587523189977947,0.9249315143063493,0.004333943477066475,0.0060710809546737875,0.007566365512146767,0,74.53519137540955,111.43368929377631,14.780255807421474,38.10730641163245,0.1,0.10190615955736261,2
Slovenia,2020-03-14,2020-03-19,2020-03-27,2020-04-10,2,2,1.0915789821344677,0.9575819030055003,0.9230423751929294,0.004362500717105634,0.005830870639544268,0.008335466794915456,0,75.3063584704797,114.12878773180931,14.039807342049697,43.67425087334052,0.1,0.0889166767564546,2
Slovenia,2020-03-14,2020-03-19,2020-03-27,2020-04-11,2,2,1.0919176998621416,0.9559503682132136,0.9214619608013983,0.004441183340665538,0.005603309129378798,0.009389068545089481,0,76.41364038669758,116.42019298440323,13.931560971577879,56.576216336001366,0.1,0.0686396068698218,1
Slovenia,2020-03-14,2020-03-19,2020-03-27,2020-04-12,2,2,1.0922760936936222,0.9544143724394734,0.920862898047678,0.004513221945611205,0.005439743648894708,0.0103566741067402,0,77.4782873448317,117.33743892228466,14.024568144070335,65.66297295326524,0.1,0.059140929397897675,1
Slovenia,2020-03-14,2020-03-19,2020-03-27,2020-04-13,2,2,1.092500534490523,0.9535070977999183,0.9205602577254973,0.004532762042851848,0.005330394365871655,0.010993820349440249,0,78.11431142011989,117.81525370979713,13.947052909017296,64.34375378598784,0.1,0.06035347673997233,1
Slovenia,2020-03-14,2020-03-19,2020-03-27,2020-04-14,2,2,1.0925342365701751,0.953339334808354,0.9199408510923376,0.004529234131927189,0.005276780605294743,0.011262978095895701,0,78.22753479014344,118.70649705395539,13.57839518514274,53.02947777167925,0.1,0.07323038827961198,1
Slovenia,2020-03-14,2020-03-19,2020-03-27,2020-04-15,2,2,1.0924891001613717,0.9534276055825671,0.9184510570790767,0.004513434237023792,0.005206954253410693,0.0115785953320643,0,78.15255995328813,120.8239491275464,13.079540148163206,42.68443407087298,0.1,0.09097858111547644,2
Slovenia,2020-03-14,2020-03-19,2020-03-27,2020-04-16,2,2,1.0923816301247153,0.9535715354641092,0.9127638111172921,0.0044607082137592515,0.004986835035756407,0.012949180481251106,0,78.0112731992606,128.93931318408843,11.68133041109766,43.566137463420596,0.1,0.0891373317348988,2
Slovenia,2020-03-14,2020-03-19,2020-03-28,2020-04-16,2,2,1.0837586772429564,0.945009993904062,0.9175670010162744,0.004445455672418514,0.006141965990219862,0.014463996544403912,0,87.68916787018131,121.93802299414021,13.558745293014455,56.76745873377678,0.1,0.06840836870463095,1
Slovenia,2020-03-14,2020-03-19,2020-03-29,2020-04-16,2,2,1.0765882559506288,0.9406192255062696,0.9182545144563193,0.005322702555110802,0.008747011116461693,0.018628148609710828,0,93.00281682394163,120.91397621427949,14.31861824659278,12.975338163819698,0.1,0.2992884808438729,5
Spain,2020-03-09,2020-03-14,2020-03-11,2020-03-26,2,2,1.412549260845488,1.183896098420764,0.9519714279203434,0.25580917430678896,0.013839756776990484,0.0027364948424477412,0,387.56711030990687,11871.317170138236,13369.660067887553,18874.403139454607,0.1,0.07176796653629498,17
Spain,2020-03-09,2020-03-14,2020-03-12,2020-03-26,2,2,1.3623129737755986,1.1834152599154166,0.951996827474436,0.19750586936807368,0.014327776702565046,0.002747152970323717,0,407.35009445963465,11866.033776774784,18650.802657695585,327153.4956107789,0.1,0.0041404953670936395,1
Spain,2020-03-09,2020-03-14,2020-03-13,2020-03-26,2,2,1.3623129737755986,1.1834152599154166,0.951996827474436,0.19750586936807368,0.014327776702565046,0.002747152970323717,0,407.35009445963465,11866.033776774784,13384.075768980683,13353.488975653947,0.1,0.10143997088510594,25
Spain,2020-03-09,2020-03-14,2020-03-14,2020-03-28,2,2,1.3824770921199776,1.1210412833406431,0.9477591021880988,0.08712377740438065,0.011229356723913479,0.002990580703819513,0,1367.8321515334774,12755.76381469754,14901.353128979285,115085.50021073462,0.1,0.011770184171112207,3
Spain,2020-03-09,2020-03-14,2020-03-15,2020-03-29,2,2,1.3822258705968538,1.1007323257547172,0.9459818740151286,0.07245536074568816,0.010361576045526103,0.003220479213391825,0,1799.0252450860949,13132.174578234873,13251.678808708402,5912.306786768173,0.1,0.22911150956112142,55
Spain,2020-03-09,2020-03-14,2020-03-16,2020-03-30,2,2,1.3699215141767294,1.0849092154236173,0.9443197811612196,0.060240635883724115,0.00972321206458483,0.0034088588730842918,0,2222.5259056767677,13485.145484437453,13931.483537214051,4118.299383765744,0.1,0.32891672184995524,80
Spain,2020-03-09,2020-03-14,2020-03-17,2020-03-31,2,2,1.346916867826149,1.068704438888455,0.9425601582331513,0.048148923746995684,0.009167726969152436,0.0036312325851709194,0,2765.9879684985535,13861.13431781645,19719.248363738163,215572.8732508248,0.1,0.006283617750591616,2
Spain,2020-03-09,2020-03-14,2020-03-17,2020-04-01,2,2,1.3677539649391057,1.0575003714765423,0.9404656049064867,0.04907047209305446,0.0085619276371723,0.0039880265894144925,0,3084.541226204805,14310.867139904265,16586.426229071178,22269.00184730338,0.1,0.06082794110814397,15
Spain,2020-03-09,2020-03-14,2020-03-18,2020-04-02,2,2,1.3545309827440464,1.0446161600310664,0.9389335476630862,0.04342214832714598,0.00831318824839951,0.00441181046189373,0,3640.879337232087,14644.341571761448,17693.489815299392,25892.505937137634,0.1,0.05231542810856512,13
Spain,2020-03-09,2020-03-14,2020-03-19,2020-04-03,2,2,1.339326635077566,1.032610876849979,0.9378363254155009,0.038504395084264974,0.008163580000444029,0.0048795704814517645,0,4266.416196945736,14887.326303450543,18422.873736490143,10152.26313621638,0.1,0.13342616466201576,32
Sweden,2020-03-12,NA,2020-03-26,NA,1,1,1.1937995993704331,1.0015785158825996,NA,0.060269440509459704,0.0039924319449653215,NA,0,521.3035784190045,NA,7187.002027707479,46460.412311439235,0.1,0.1038911524315659,2
Sweden,2020-03-12,NA,2020-03-27,NA,1,1,1.1815488760006763,1.0012403383777806,NA,0.05405001135438236,0.0039740793516736634,NA,0,540.564995793441,NA,7077.356624247552,72539.99022443782,0.1,0.06654020441065675,1
Sweden,2020-03-12,NA,2020-03-28,NA,1,1,1.1685233956839451,1.000800514155593,NA,0.04809433692277096,0.0039905042766049574,NA,0,564.0520505798492,NA,7161.5966290324,88041.22390221016,0.1,0.054824610149018654,1
Sweden,2020-03-12,NA,2020-03-29,NA,1,1,1.1566755759064233,1.0006609918599503,NA,0.044016004574643164,0.003989106206548641,NA,0,571.4814213622305,NA,7160.322836548666,103042.15923725779,0.1,0.04684321265402851,1
Sweden,2020-03-12,NA,2020-03-31,NA,1,1,1.1337692753007573,1.0005333013003748,NA,0.036259060906246324,0.003927933166737144,NA,0,580.7756106676682,NA,6838.169957125444,85777.54926194782,0.1,0.056271434880250014,1
Sweden,2020-03-12,NA,2020-04-01,NA,1,1,1.1229793814425304,1.0003170406921027,NA,0.032585981909352864,0.003934930066679256,NA,0,592.9497551875679,NA,6667.939080763903,58301.45661747307,0.1,0.08279082646512342,2
Sweden,2020-03-12,NA,2020-04-02,NA,1,1,1.1149589368938164,0.999952755867936,NA,0.030016148530999775,0.004017537784842368,NA,0,611.8328830576842,NA,6736.789345313887,47053.467285808685,0.1,0.10258172364137136,2
Sweden,2020-03-12,NA,2020-04-03,NA,1,1,1.1074142850442747,0.9995371686925528,NA,0.027447572034120987,0.004091158225090055,NA,0,633.6701814500146,NA,6955.149178546361,35922.29031743156,0.1,0.1343685420619988,3
Sweden,2020-03-12,NA,2020-04-06,NA,1,1,1.0856793542181116,0.9998828766351568,NA,0.02248327980509264,0.004122693800909009,NA,0,615.3323372249515,NA,7471.558178903859,32410.4610499777,0.1,0.1489280195686835,3
Sweden,2020-03-12,NA,2020-04-07,NA,1,1,1.0852483421893229,0.9992198507011179,NA,0.021767667864900076,0.004249523841394827,NA,0,650.4614241423179,NA,7243.96575149462,23782.120947120056,0.1,0.20296027373730302,4
Switzerland,2020-02-25,2020-03-17,2020-03-16,2020-03-26,2,2,1.2941866056905185,1.070344762399309,0.9385534523612487,0.03701332954429434,0.012898837989779905,0.004064217236195806,0,492.45205524066057,1928.581960725405,696.5238218013508,4459.763332557087,0.1,0.10596161734596611,5
Switzerland,2020-02-25,2020-03-17,2020-03-16,2020-03-27,2,2,1.2979629495884164,1.0609948615497946,0.9362510361722947,0.037220106766275324,0.011807405912465712,0.004248861505086132,0,521.3297936849679,1994.6791152186197,614.1580235442236,933.9503623423427,0.1,0.5059837811003116,26
Switzerland,2020-02-25,2020-03-17,2020-03-16,2020-03-28,2,2,1.306928190410802,1.049848566034331,0.9337846080620358,0.037206191999196725,0.010635119568318382,0.004538230623801479,0,565.5751736282359,2066.0500222940705,671.1700801167691,5073.150248183056,0.1,0.09314995862131875,5
Switzerland,2020-02-25,2020-03-17,2020-03-17,2020-03-25,2,2,1.286631626139614,1.0846038784001937,0.9407625330937314,0.037337054507761515,0.01441576863059347,0.003941116827672798,0,444.46104502672495,1865.1820126186522,829.3982640464749,7396.455473528929,0.1,0.06389056723037627,3
Switzerland,2020-02-25,2020-03-17,2020-03-20,2020-03-28,2,2,1.2680044681426816,1.0047967003356264,0.9385141415159141,0.016655707311586068,0.01024365787029411,0.003485834753553346,0,1072.57165381375,1929.472574234992,709.2904647389528,7024.110501031115,0.1,0.06727737777311646,3
Switzerland,2020-02-25,2020-03-17,2020-03-20,2020-03-29,2,2,1.2694441672010548,0.9993826899721017,0.9366382050836833,0.015369556946531042,0.008463845732322133,0.0034920565775936625,0,1100.5005197079836,1983.6918889973597,657.9044126706318,9963.698926452746,0.1,0.047428544277203055,2
Switzerland,2020-02-25,2020-03-17,2020-03-20,2020-03-30,2,2,1.269661902833417,0.996990441860914,0.9350461163631424,0.014552475885846843,0.007525367999076769,0.00348461692024824,0,1111.1362034629499,2029.7086062694054,636.3750224639454,12671.23024311127,0.1,0.037294226892838164,2
Switzerland,2020-02-25,2020-03-17,2020-03-20,2020-03-31,2,2,1.2705267976842267,0.9936930032498132,0.932588462659558,0.013391055777842218,0.006372199182680702,0.003478353551831212,0,1128.097712320235,2101.0042075982788,587.6051839236615,14487.230823031614,0.1,0.03261932811526057,2
Switzerland,2020-02-25,2020-03-17,2020-03-20,2020-04-01,2,2,1.2707315068465381,0.9921389836237354,0.9307316137786878,0.012782715661604048,0.005791799631536379,0.0035040661743981007,0,1135.2645321329207,2154.9339084099356,609.3369844878096,17644.79708809866,0.1,0.026782044210456053,1
Switzerland,2020-02-25,2020-03-17,2020-03-20,2020-04-02,2,2,1.2727355027117544,0.9887755412746778,0.9278099016492254,0.012128326925532668,0.005082126048246868,0.003681132941288409,0,1157.1368428560872,2240.3743277211274,675.1760104812861,24094.961077541542,0.1,0.019612554433152928,1
Ukraine,2020-03-12,2020-03-12,2020-03-24,2020-03-24,2,2,3.330371430597828,NA,1.0169038254327054,0.8213483770136951,NA,0.0033076801048117725,0,NA,168.88313517705396,3737.9345352068094,43386.36158135225,0.1,0.03359059655262018,6
Ukraine,2020-03-12,2020-03-12,2020-04-01,2020-04-01,2,2,1.3472138604054176,NA,1.0148562681747262,0.08805589281122544,NA,0.003110788634866512,0,NA,214.37064698879584,11072.974208058671,279745.0387584012,0.1,0.005209650095078,1
Ukraine,2020-03-12,2020-03-12,2020-04-02,2020-04-02,2,2,1.2899123169927829,NA,1.0146607282211124,0.07171263630115274,NA,0.0031222785960999333,0,NA,218.54976148470647,4464.917737793348,76079.14734929848,0.1,0.019156021308626585,4
Ukraine,2020-03-12,2020-03-12,2020-04-03,2020-04-03,2,2,1.2646335139769658,NA,1.0143965196704832,0.06314856434192014,NA,0.003111072306023653,0,NA,224.46258389291484,4115.928536009751,66099.49725982053,0.1,0.022048182333925068,4
Ukraine,2020-03-12,2020-03-12,2020-04-04,2020-04-04,2,2,1.229092743203738,NA,1.0141297080726899,0.0526477666714063,NA,0.0031082204968185837,0,NA,230.44037366048346,1882.739284260122,8599.519795902213,0.1,0.1694715289172032,33
Ukraine,2020-03-12,2020-03-12,2020-04-05,2020-04-05,2,2,1.2040505875788485,NA,1.0140092699083674,0.04597482169257304,NA,0.0031124110652074703,0,NA,232.80061414633934,1556.0938183868514,9635.73040342638,0.1,0.15124683928963747,29
Ukraine,2020-03-12,2020-03-12,2020-04-06,2020-04-06,2,2,1.1942096374255957,NA,1.0138699691516013,0.042839596792861916,NA,0.0031017936488473242,0,NA,235.88428610238466,1485.295957194009,5980.337710439098,0.1,0.2436942256992202,47
Ukraine,2020-03-12,2020-03-12,2020-04-07,2020-04-07,2,2,1.1934872798302671,NA,1.01382234309051,0.04237647677559764,NA,0.003094891026171472,0,NA,236.97805155973964,2457.6630146341536,21671.458591819544,0.1,0.06724853159239716,13
Ukraine,2020-03-12,2020-03-12,2020-04-08,2020-04-08,2,2,1.1836840692977766,NA,1.013288075646811,0.037176888650946226,NA,0.0030182623976286677,0,NA,249.1189427177115,2322.2635503140327,20949.56666479556,0.1,0.06956581924027713,13
Ukraine,2020-03-12,2020-03-12,2020-04-09,2020-04-09,2,2,1.1701845888927171,NA,1.0126844855771493,0.031513585646791624,NA,0.002931240409151064,0,NA,262.71017233036736,1484.84486998904,6661.713493846127,0.1,0.218768604971015,42
United Kingdom,2020-03-13,2020-03-23,2020-03-20,2020-04-07,2,2,1.2517125074903503,1.059174652968108,0.9813127618634166,0.0962059408574578,0.012604242090593687,0.004938589787285865,0,1252.6512815217075,6396.75284113536,8812.403647528363,35855.22093039337,0.1,0.14977908011409016,9
United Kingdom,2020-03-13,2020-03-23,2020-03-21,2020-04-18,2,2,1.249673447549072,1.0311524492264608,0.9717662065347495,0.08985911742198717,0.008551551673157961,0.006996674938744127,0,1695.7229469834626,8627.344580202694,5954.433599792541,20481.119605547832,0.1,0.26221037285418186,16
United Kingdom,2020-03-13,2020-03-23,2020-03-22,2020-04-03,2,2,1.2298039920107857,1.0808442139581462,0.9829619587938823,0.05580980738357016,0.014068396492108864,0.0035445927192312276,0,1334.2327320174913,6058.324013010366,9039.3922947317,30810.097841959625,0.1,0.17430525653599216,11
United Kingdom,2020-03-13,2020-03-23,2020-03-22,2020-04-18,2,2,1.2426256711521915,1.0293850851111357,0.9717731233799247,0.07393546251959085,0.00824691807084009,0.0066257473915749855,0,1909.9959291697369,8634.521714398417,6375.108054103359,59920.02070216913,0.1,0.08962550321761457,5
United Kingdom,2020-03-13,2020-03-23,2020-03-23,2020-04-03,2,2,1.22463548586238,1.0776067886580056,0.982833117410476,0.04834361517440687,0.014142869044528635,0.003471002429702359,0,1519.2475282128012,6093.309223632325,9168.708251104677,35468.18271518539,0.1,0.15141350915457302,9
United Kingdom,2020-03-13,2020-03-23,2020-03-24,2020-04-13,2,2,1.2207834916850537,1.024655683660239,0.981125147202564,0.049953513683674684,0.010029642698630773,0.005816880667948378,0,2484.547072058354,6527.880950929484,8226.566160870289,109191.46679748462,0.1,0.04918298256952717,3
United Kingdom,2020-03-13,2020-03-23,2020-03-24,2020-04-14,2,2,1.2202834610440139,1.0244802271698523,0.9799220539610737,0.048748228716733864,0.00931802510617351,0.005661565318048108,0,2480.43536671788,6805.608123747597,7498.113260837312,107384.9066951442,0.1,0.05001039879363821,3
United Kingdom,2020-03-13,2020-03-23,2020-03-24,2020-04-15,2,2,1.2158648930558071,1.0256593373948721,0.9780032694775838,0.048101567795088056,0.00865573855178074,0.005443732690771924,0,2409.523979112725,7241.515673450338,8991.531968617744,257067.59588645273,0.1,0.020890855534409284,1
United Kingdom,2020-03-13,2020-03-23,2020-03-24,2020-04-19,2,2,1.2149760216430572,1.022468319888075,0.9725684506677741,0.04522087027092775,0.006717169837195561,0.005448214717880467,0,2438.6875658321123,8498.377984337818,8860.142953464021,322320.8359040094,0.1,0.01666154157604984,1
United Kingdom,2020-03-13,2020-03-23,2020-03-24,2020-04-20,2,2,1.2179650688180739,1.021872328031985,0.9711117454825411,0.04317124683902022,0.00633850652766555,0.005339899295262357,0,2484.102840278174,8843.845467315448,5479.505463158434,149506.88494259783,0.1,0.03592049964992385,2
